reference_date,target_end_date,horizon,location,target,output_type,output_type_id,value
2026-01-24,2026-01-17,-1,ab,pct wk covid lab det,quantile,0.025,1.7
2026-01-24,2026-01-17,-1,ab,pct wk covid lab det,quantile,0.1,2.4
2026-01-24,2026-01-17,-1,ab,pct wk covid lab det,quantile,0.25,3
2026-01-24,2026-01-17,-1,ab,pct wk covid lab det,quantile,0.5,3.8
2026-01-24,2026-01-17,-1,ab,pct wk covid lab det,quantile,0.75,4.5
2026-01-24,2026-01-17,-1,ab,pct wk covid lab det,quantile,0.9,5.1
2026-01-24,2026-01-17,-1,ab,pct wk covid lab det,quantile,0.975,5.8
2026-01-24,2026-01-24,0,ab,pct wk covid lab det,quantile,0.025,2.4
2026-01-24,2026-01-24,0,ab,pct wk covid lab det,quantile,0.1,3
2026-01-24,2026-01-24,0,ab,pct wk covid lab det,quantile,0.25,3.5
2026-01-24,2026-01-24,0,ab,pct wk covid lab det,quantile,0.5,4.1
2026-01-24,2026-01-24,0,ab,pct wk covid lab det,quantile,0.75,4.6
2026-01-24,2026-01-24,0,ab,pct wk covid lab det,quantile,0.9,5.1
2026-01-24,2026-01-24,0,ab,pct wk covid lab det,quantile,0.975,5.6
2026-01-24,2026-01-31,1,ab,pct wk covid lab det,quantile,0.025,2.7
2026-01-24,2026-01-31,1,ab,pct wk covid lab det,quantile,0.1,3.4
2026-01-24,2026-01-31,1,ab,pct wk covid lab det,quantile,0.25,3.9
2026-01-24,2026-01-31,1,ab,pct wk covid lab det,quantile,0.5,4.5
2026-01-24,2026-01-31,1,ab,pct wk covid lab det,quantile,0.75,5.2
2026-01-24,2026-01-31,1,ab,pct wk covid lab det,quantile,0.9,5.7
2026-01-24,2026-01-31,1,ab,pct wk covid lab det,quantile,0.975,6.4
2026-01-24,2026-02-07,2,ab,pct wk covid lab det,quantile,0.025,2.1
2026-01-24,2026-02-07,2,ab,pct wk covid lab det,quantile,0.1,2.7
2026-01-24,2026-02-07,2,ab,pct wk covid lab det,quantile,0.25,3
2026-01-24,2026-02-07,2,ab,pct wk covid lab det,quantile,0.5,3.5
2026-01-24,2026-02-07,2,ab,pct wk covid lab det,quantile,0.75,4.1
2026-01-24,2026-02-07,2,ab,pct wk covid lab det,quantile,0.9,4.5
2026-01-24,2026-02-07,2,ab,pct wk covid lab det,quantile,0.975,5.1
2026-01-24,2026-02-14,3,ab,pct wk covid lab det,quantile,0.025,2.1
2026-01-24,2026-02-14,3,ab,pct wk covid lab det,quantile,0.1,2.7
2026-01-24,2026-02-14,3,ab,pct wk covid lab det,quantile,0.25,3.2
2026-01-24,2026-02-14,3,ab,pct wk covid lab det,quantile,0.5,3.8
2026-01-24,2026-02-14,3,ab,pct wk covid lab det,quantile,0.75,4.5
2026-01-24,2026-02-14,3,ab,pct wk covid lab det,quantile,0.9,5.1
2026-01-24,2026-02-14,3,ab,pct wk covid lab det,quantile,0.975,5.7
2026-01-24,2026-01-17,-1,atlantic,pct wk covid lab det,quantile,0.025,4.8
2026-01-24,2026-01-17,-1,atlantic,pct wk covid lab det,quantile,0.1,5.7
2026-01-24,2026-01-17,-1,atlantic,pct wk covid lab det,quantile,0.25,6.5
2026-01-24,2026-01-17,-1,atlantic,pct wk covid lab det,quantile,0.5,7.3
2026-01-24,2026-01-17,-1,atlantic,pct wk covid lab det,quantile,0.75,8.1
2026-01-24,2026-01-17,-1,atlantic,pct wk covid lab det,quantile,0.9,8.8
2026-01-24,2026-01-17,-1,atlantic,pct wk covid lab det,quantile,0.975,9.7
2026-01-24,2026-01-24,0,atlantic,pct wk covid lab det,quantile,0.025,4.6
2026-01-24,2026-01-24,0,atlantic,pct wk covid lab det,quantile,0.1,5.2
2026-01-24,2026-01-24,0,atlantic,pct wk covid lab det,quantile,0.25,6
2026-01-24,2026-01-24,0,atlantic,pct wk covid lab det,quantile,0.5,6.7
2026-01-24,2026-01-24,0,atlantic,pct wk covid lab det,quantile,0.75,7.6
2026-01-24,2026-01-24,0,atlantic,pct wk covid lab det,quantile,0.9,8.2
2026-01-24,2026-01-24,0,atlantic,pct wk covid lab det,quantile,0.975,9.1
2026-01-24,2026-01-31,1,atlantic,pct wk covid lab det,quantile,0.025,4.9
2026-01-24,2026-01-31,1,atlantic,pct wk covid lab det,quantile,0.1,5.7
2026-01-24,2026-01-31,1,atlantic,pct wk covid lab det,quantile,0.25,6.4
2026-01-24,2026-01-31,1,atlantic,pct wk covid lab det,quantile,0.5,7.2
2026-01-24,2026-01-31,1,atlantic,pct wk covid lab det,quantile,0.75,8
2026-01-24,2026-01-31,1,atlantic,pct wk covid lab det,quantile,0.9,8.7
2026-01-24,2026-01-31,1,atlantic,pct wk covid lab det,quantile,0.975,9.6
2026-01-24,2026-02-07,2,atlantic,pct wk covid lab det,quantile,0.025,4.8
2026-01-24,2026-02-07,2,atlantic,pct wk covid lab det,quantile,0.1,5.5
2026-01-24,2026-02-07,2,atlantic,pct wk covid lab det,quantile,0.25,6.4
2026-01-24,2026-02-07,2,atlantic,pct wk covid lab det,quantile,0.5,7.3
2026-01-24,2026-02-07,2,atlantic,pct wk covid lab det,quantile,0.75,8.2
2026-01-24,2026-02-07,2,atlantic,pct wk covid lab det,quantile,0.9,9.1
2026-01-24,2026-02-07,2,atlantic,pct wk covid lab det,quantile,0.975,10.1
2026-01-24,2026-02-14,3,atlantic,pct wk covid lab det,quantile,0.025,4
2026-01-24,2026-02-14,3,atlantic,pct wk covid lab det,quantile,0.1,4.6
2026-01-24,2026-02-14,3,atlantic,pct wk covid lab det,quantile,0.25,5.4
2026-01-24,2026-02-14,3,atlantic,pct wk covid lab det,quantile,0.5,6.2
2026-01-24,2026-02-14,3,atlantic,pct wk covid lab det,quantile,0.75,7
2026-01-24,2026-02-14,3,atlantic,pct wk covid lab det,quantile,0.9,7.8
2026-01-24,2026-02-14,3,atlantic,pct wk covid lab det,quantile,0.975,8.8
2026-01-24,2026-01-17,-1,bc,pct wk covid lab det,quantile,0.025,0
2026-01-24,2026-01-17,-1,bc,pct wk covid lab det,quantile,0.1,0.5
2026-01-24,2026-01-17,-1,bc,pct wk covid lab det,quantile,0.25,1.4
2026-01-24,2026-01-17,-1,bc,pct wk covid lab det,quantile,0.5,2.2
2026-01-24,2026-01-17,-1,bc,pct wk covid lab det,quantile,0.75,3.1
2026-01-24,2026-01-17,-1,bc,pct wk covid lab det,quantile,0.9,3.9
2026-01-24,2026-01-17,-1,bc,pct wk covid lab det,quantile,0.975,4.7
2026-01-24,2026-01-24,0,bc,pct wk covid lab det,quantile,0.025,0.5
2026-01-24,2026-01-24,0,bc,pct wk covid lab det,quantile,0.1,1.1
2026-01-24,2026-01-24,0,bc,pct wk covid lab det,quantile,0.25,1.7
2026-01-24,2026-01-24,0,bc,pct wk covid lab det,quantile,0.5,2.1
2026-01-24,2026-01-24,0,bc,pct wk covid lab det,quantile,0.75,2.7
2026-01-24,2026-01-24,0,bc,pct wk covid lab det,quantile,0.9,3.2
2026-01-24,2026-01-24,0,bc,pct wk covid lab det,quantile,0.975,3.7
2026-01-24,2026-01-31,1,bc,pct wk covid lab det,quantile,0.025,0.7
2026-01-24,2026-01-31,1,bc,pct wk covid lab det,quantile,0.1,1.2
2026-01-24,2026-01-31,1,bc,pct wk covid lab det,quantile,0.25,1.5
2026-01-24,2026-01-31,1,bc,pct wk covid lab det,quantile,0.5,2.1
2026-01-24,2026-01-31,1,bc,pct wk covid lab det,quantile,0.75,2.6
2026-01-24,2026-01-31,1,bc,pct wk covid lab det,quantile,0.9,2.9
2026-01-24,2026-01-31,1,bc,pct wk covid lab det,quantile,0.975,3.6
2026-01-24,2026-02-07,2,bc,pct wk covid lab det,quantile,0.025,0.6
2026-01-24,2026-02-07,2,bc,pct wk covid lab det,quantile,0.1,1.1
2026-01-24,2026-02-07,2,bc,pct wk covid lab det,quantile,0.25,1.5
2026-01-24,2026-02-07,2,bc,pct wk covid lab det,quantile,0.5,2
2026-01-24,2026-02-07,2,bc,pct wk covid lab det,quantile,0.75,2.5
2026-01-24,2026-02-07,2,bc,pct wk covid lab det,quantile,0.9,3
2026-01-24,2026-02-07,2,bc,pct wk covid lab det,quantile,0.975,3.6
2026-01-24,2026-02-14,3,bc,pct wk covid lab det,quantile,0.025,0.6
2026-01-24,2026-02-14,3,bc,pct wk covid lab det,quantile,0.1,1
2026-01-24,2026-02-14,3,bc,pct wk covid lab det,quantile,0.25,1.4
2026-01-24,2026-02-14,3,bc,pct wk covid lab det,quantile,0.5,2
2026-01-24,2026-02-14,3,bc,pct wk covid lab det,quantile,0.75,2.5
2026-01-24,2026-02-14,3,bc,pct wk covid lab det,quantile,0.9,3
2026-01-24,2026-02-14,3,bc,pct wk covid lab det,quantile,0.975,3.6
2026-01-24,2026-01-17,-1,ca,pct wk covid lab det,quantile,0.025,3.7
2026-01-24,2026-01-17,-1,ca,pct wk covid lab det,quantile,0.1,4.2
2026-01-24,2026-01-17,-1,ca,pct wk covid lab det,quantile,0.25,4.7
2026-01-24,2026-01-17,-1,ca,pct wk covid lab det,quantile,0.5,5.4
2026-01-24,2026-01-17,-1,ca,pct wk covid lab det,quantile,0.75,6.1
2026-01-24,2026-01-17,-1,ca,pct wk covid lab det,quantile,0.9,6.6
2026-01-24,2026-01-17,-1,ca,pct wk covid lab det,quantile,0.975,7.1
2026-01-24,2026-01-24,0,ca,pct wk covid lab det,quantile,0.025,3.4
2026-01-24,2026-01-24,0,ca,pct wk covid lab det,quantile,0.1,4
2026-01-24,2026-01-24,0,ca,pct wk covid lab det,quantile,0.25,4.4
2026-01-24,2026-01-24,0,ca,pct wk covid lab det,quantile,0.5,4.8
2026-01-24,2026-01-24,0,ca,pct wk covid lab det,quantile,0.75,5.4
2026-01-24,2026-01-24,0,ca,pct wk covid lab det,quantile,0.9,5.8
2026-01-24,2026-01-24,0,ca,pct wk covid lab det,quantile,0.975,6.2
2026-01-24,2026-01-31,1,ca,pct wk covid lab det,quantile,0.025,3
2026-01-24,2026-01-31,1,ca,pct wk covid lab det,quantile,0.1,3.4
2026-01-24,2026-01-31,1,ca,pct wk covid lab det,quantile,0.25,3.8
2026-01-24,2026-01-31,1,ca,pct wk covid lab det,quantile,0.5,4.2
2026-01-24,2026-01-31,1,ca,pct wk covid lab det,quantile,0.75,4.7
2026-01-24,2026-01-31,1,ca,pct wk covid lab det,quantile,0.9,5.1
2026-01-24,2026-01-31,1,ca,pct wk covid lab det,quantile,0.975,5.5
2026-01-24,2026-02-07,2,ca,pct wk covid lab det,quantile,0.025,2.4
2026-01-24,2026-02-07,2,ca,pct wk covid lab det,quantile,0.1,2.7
2026-01-24,2026-02-07,2,ca,pct wk covid lab det,quantile,0.25,3
2026-01-24,2026-02-07,2,ca,pct wk covid lab det,quantile,0.5,3.3
2026-01-24,2026-02-07,2,ca,pct wk covid lab det,quantile,0.75,3.8
2026-01-24,2026-02-07,2,ca,pct wk covid lab det,quantile,0.9,4.1
2026-01-24,2026-02-07,2,ca,pct wk covid lab det,quantile,0.975,4.6
2026-01-24,2026-02-14,3,ca,pct wk covid lab det,quantile,0.025,2.2
2026-01-24,2026-02-14,3,ca,pct wk covid lab det,quantile,0.1,2.5
2026-01-24,2026-02-14,3,ca,pct wk covid lab det,quantile,0.25,2.8
2026-01-24,2026-02-14,3,ca,pct wk covid lab det,quantile,0.5,3.2
2026-01-24,2026-02-14,3,ca,pct wk covid lab det,quantile,0.75,3.6
2026-01-24,2026-02-14,3,ca,pct wk covid lab det,quantile,0.9,4.1
2026-01-24,2026-02-14,3,ca,pct wk covid lab det,quantile,0.975,4.5
2026-01-24,2026-01-17,-1,mb,pct wk covid lab det,quantile,0.025,0.6
2026-01-24,2026-01-17,-1,mb,pct wk covid lab det,quantile,0.1,2.3
2026-01-24,2026-01-17,-1,mb,pct wk covid lab det,quantile,0.25,3.7
2026-01-24,2026-01-17,-1,mb,pct wk covid lab det,quantile,0.5,5.3
2026-01-24,2026-01-17,-1,mb,pct wk covid lab det,quantile,0.75,6.8
2026-01-24,2026-01-17,-1,mb,pct wk covid lab det,quantile,0.9,8.4
2026-01-24,2026-01-17,-1,mb,pct wk covid lab det,quantile,0.975,10
2026-01-24,2026-01-24,0,mb,pct wk covid lab det,quantile,0.025,1.3
2026-01-24,2026-01-24,0,mb,pct wk covid lab det,quantile,0.1,2.6
2026-01-24,2026-01-24,0,mb,pct wk covid lab det,quantile,0.25,3.7
2026-01-24,2026-01-24,0,mb,pct wk covid lab det,quantile,0.5,4.9
2026-01-24,2026-01-24,0,mb,pct wk covid lab det,quantile,0.75,6.1
2026-01-24,2026-01-24,0,mb,pct wk covid lab det,quantile,0.9,7.3
2026-01-24,2026-01-24,0,mb,pct wk covid lab det,quantile,0.975,8.9
2026-01-24,2026-01-31,1,mb,pct wk covid lab det,quantile,0.025,1.9
2026-01-24,2026-01-31,1,mb,pct wk covid lab det,quantile,0.1,3.1
2026-01-24,2026-01-31,1,mb,pct wk covid lab det,quantile,0.25,4.2
2026-01-24,2026-01-31,1,mb,pct wk covid lab det,quantile,0.5,5.8
2026-01-24,2026-01-31,1,mb,pct wk covid lab det,quantile,0.75,7.3
2026-01-24,2026-01-31,1,mb,pct wk covid lab det,quantile,0.9,8.6
2026-01-24,2026-01-31,1,mb,pct wk covid lab det,quantile,0.975,10.5
2026-01-24,2026-02-07,2,mb,pct wk covid lab det,quantile,0.025,1.6
2026-01-24,2026-02-07,2,mb,pct wk covid lab det,quantile,0.1,2.7
2026-01-24,2026-02-07,2,mb,pct wk covid lab det,quantile,0.25,3.7
2026-01-24,2026-02-07,2,mb,pct wk covid lab det,quantile,0.5,4.8
2026-01-24,2026-02-07,2,mb,pct wk covid lab det,quantile,0.75,5.9
2026-01-24,2026-02-07,2,mb,pct wk covid lab det,quantile,0.9,7.1
2026-01-24,2026-02-07,2,mb,pct wk covid lab det,quantile,0.975,8.5
2026-01-24,2026-02-14,3,mb,pct wk covid lab det,quantile,0.025,2.1
2026-01-24,2026-02-14,3,mb,pct wk covid lab det,quantile,0.1,3.2
2026-01-24,2026-02-14,3,mb,pct wk covid lab det,quantile,0.25,4.3
2026-01-24,2026-02-14,3,mb,pct wk covid lab det,quantile,0.5,5.8
2026-01-24,2026-02-14,3,mb,pct wk covid lab det,quantile,0.75,7.3
2026-01-24,2026-02-14,3,mb,pct wk covid lab det,quantile,0.9,9
2026-01-24,2026-02-14,3,mb,pct wk covid lab det,quantile,0.975,11
2026-01-24,2026-01-17,-1,nb,pct wk covid lab det,quantile,0.025,4.7
2026-01-24,2026-01-17,-1,nb,pct wk covid lab det,quantile,0.1,5.8
2026-01-24,2026-01-17,-1,nb,pct wk covid lab det,quantile,0.25,6.6
2026-01-24,2026-01-17,-1,nb,pct wk covid lab det,quantile,0.5,7.5
2026-01-24,2026-01-17,-1,nb,pct wk covid lab det,quantile,0.75,8.3
2026-01-24,2026-01-17,-1,nb,pct wk covid lab det,quantile,0.9,9.2
2026-01-24,2026-01-17,-1,nb,pct wk covid lab det,quantile,0.975,10
2026-01-24,2026-01-24,0,nb,pct wk covid lab det,quantile,0.025,4.4
2026-01-24,2026-01-24,0,nb,pct wk covid lab det,quantile,0.1,5.1
2026-01-24,2026-01-24,0,nb,pct wk covid lab det,quantile,0.25,5.8
2026-01-24,2026-01-24,0,nb,pct wk covid lab det,quantile,0.5,6.3
2026-01-24,2026-01-24,0,nb,pct wk covid lab det,quantile,0.75,7
2026-01-24,2026-01-24,0,nb,pct wk covid lab det,quantile,0.9,7.6
2026-01-24,2026-01-24,0,nb,pct wk covid lab det,quantile,0.975,8.3
2026-01-24,2026-01-31,1,nb,pct wk covid lab det,quantile,0.025,4.6
2026-01-24,2026-01-31,1,nb,pct wk covid lab det,quantile,0.1,5.1
2026-01-24,2026-01-31,1,nb,pct wk covid lab det,quantile,0.25,5.7
2026-01-24,2026-01-31,1,nb,pct wk covid lab det,quantile,0.5,6.4
2026-01-24,2026-01-31,1,nb,pct wk covid lab det,quantile,0.75,7.2
2026-01-24,2026-01-31,1,nb,pct wk covid lab det,quantile,0.9,7.8
2026-01-24,2026-01-31,1,nb,pct wk covid lab det,quantile,0.975,8.5
2026-01-24,2026-02-07,2,nb,pct wk covid lab det,quantile,0.025,4.5
2026-01-24,2026-02-07,2,nb,pct wk covid lab det,quantile,0.1,5.1
2026-01-24,2026-02-07,2,nb,pct wk covid lab det,quantile,0.25,5.9
2026-01-24,2026-02-07,2,nb,pct wk covid lab det,quantile,0.5,6.6
2026-01-24,2026-02-07,2,nb,pct wk covid lab det,quantile,0.75,7.4
2026-01-24,2026-02-07,2,nb,pct wk covid lab det,quantile,0.9,8.3
2026-01-24,2026-02-07,2,nb,pct wk covid lab det,quantile,0.975,9.3
2026-01-24,2026-02-14,3,nb,pct wk covid lab det,quantile,0.025,4.2
2026-01-24,2026-02-14,3,nb,pct wk covid lab det,quantile,0.1,5
2026-01-24,2026-02-14,3,nb,pct wk covid lab det,quantile,0.25,5.7
2026-01-24,2026-02-14,3,nb,pct wk covid lab det,quantile,0.5,6.5
2026-01-24,2026-02-14,3,nb,pct wk covid lab det,quantile,0.75,7.4
2026-01-24,2026-02-14,3,nb,pct wk covid lab det,quantile,0.9,8.6
2026-01-24,2026-02-14,3,nb,pct wk covid lab det,quantile,0.975,10
2026-01-24,2026-01-17,-1,nl,pct wk covid lab det,quantile,0.025,0.6
2026-01-24,2026-01-17,-1,nl,pct wk covid lab det,quantile,0.1,2
2026-01-24,2026-01-17,-1,nl,pct wk covid lab det,quantile,0.25,3.8
2026-01-24,2026-01-17,-1,nl,pct wk covid lab det,quantile,0.5,5.6
2026-01-24,2026-01-17,-1,nl,pct wk covid lab det,quantile,0.75,7.4
2026-01-24,2026-01-17,-1,nl,pct wk covid lab det,quantile,0.9,8.8
2026-01-24,2026-01-17,-1,nl,pct wk covid lab det,quantile,0.975,10.5
2026-01-24,2026-01-24,0,nl,pct wk covid lab det,quantile,0.025,0.4
2026-01-24,2026-01-24,0,nl,pct wk covid lab det,quantile,0.1,2.1
2026-01-24,2026-01-24,0,nl,pct wk covid lab det,quantile,0.25,3.5
2026-01-24,2026-01-24,0,nl,pct wk covid lab det,quantile,0.5,5.1
2026-01-24,2026-01-24,0,nl,pct wk covid lab det,quantile,0.75,6.7
2026-01-24,2026-01-24,0,nl,pct wk covid lab det,quantile,0.9,8.1
2026-01-24,2026-01-24,0,nl,pct wk covid lab det,quantile,0.975,9.7
2026-01-24,2026-01-31,1,nl,pct wk covid lab det,quantile,0.025,1.7
2026-01-24,2026-01-31,1,nl,pct wk covid lab det,quantile,0.1,3.2
2026-01-24,2026-01-31,1,nl,pct wk covid lab det,quantile,0.25,4.4
2026-01-24,2026-01-31,1,nl,pct wk covid lab det,quantile,0.5,5.8
2026-01-24,2026-01-31,1,nl,pct wk covid lab det,quantile,0.75,7.4
2026-01-24,2026-01-31,1,nl,pct wk covid lab det,quantile,0.9,8.7
2026-01-24,2026-01-31,1,nl,pct wk covid lab det,quantile,0.975,10.3
2026-01-24,2026-02-07,2,nl,pct wk covid lab det,quantile,0.025,1.1
2026-01-24,2026-02-07,2,nl,pct wk covid lab det,quantile,0.1,2.7
2026-01-24,2026-02-07,2,nl,pct wk covid lab det,quantile,0.25,3.9
2026-01-24,2026-02-07,2,nl,pct wk covid lab det,quantile,0.5,5.5
2026-01-24,2026-02-07,2,nl,pct wk covid lab det,quantile,0.75,7
2026-01-24,2026-02-07,2,nl,pct wk covid lab det,quantile,0.9,8.2
2026-01-24,2026-02-07,2,nl,pct wk covid lab det,quantile,0.975,10
2026-01-24,2026-02-14,3,nl,pct wk covid lab det,quantile,0.025,1.6
2026-01-24,2026-02-14,3,nl,pct wk covid lab det,quantile,0.1,2.6
2026-01-24,2026-02-14,3,nl,pct wk covid lab det,quantile,0.25,3.7
2026-01-24,2026-02-14,3,nl,pct wk covid lab det,quantile,0.5,4.8
2026-01-24,2026-02-14,3,nl,pct wk covid lab det,quantile,0.75,6.3
2026-01-24,2026-02-14,3,nl,pct wk covid lab det,quantile,0.9,7.6
2026-01-24,2026-02-14,3,nl,pct wk covid lab det,quantile,0.975,9.2
2026-01-24,2026-01-17,-1,ns,pct wk covid lab det,quantile,0.025,3.1
2026-01-24,2026-01-17,-1,ns,pct wk covid lab det,quantile,0.1,4.7
2026-01-24,2026-01-17,-1,ns,pct wk covid lab det,quantile,0.25,6.3
2026-01-24,2026-01-17,-1,ns,pct wk covid lab det,quantile,0.5,7.9
2026-01-24,2026-01-17,-1,ns,pct wk covid lab det,quantile,0.75,9.7
2026-01-24,2026-01-17,-1,ns,pct wk covid lab det,quantile,0.9,11.3
2026-01-24,2026-01-17,-1,ns,pct wk covid lab det,quantile,0.975,12.9
2026-01-24,2026-01-24,0,ns,pct wk covid lab det,quantile,0.025,4
2026-01-24,2026-01-24,0,ns,pct wk covid lab det,quantile,0.1,5.3
2026-01-24,2026-01-24,0,ns,pct wk covid lab det,quantile,0.25,6.8
2026-01-24,2026-01-24,0,ns,pct wk covid lab det,quantile,0.5,8.1
2026-01-24,2026-01-24,0,ns,pct wk covid lab det,quantile,0.75,9.5
2026-01-24,2026-01-24,0,ns,pct wk covid lab det,quantile,0.9,10.9
2026-01-24,2026-01-24,0,ns,pct wk covid lab det,quantile,0.975,12.6
2026-01-24,2026-01-31,1,ns,pct wk covid lab det,quantile,0.025,4.4
2026-01-24,2026-01-31,1,ns,pct wk covid lab det,quantile,0.1,5.9
2026-01-24,2026-01-31,1,ns,pct wk covid lab det,quantile,0.25,7.1
2026-01-24,2026-01-31,1,ns,pct wk covid lab det,quantile,0.5,8.6
2026-01-24,2026-01-31,1,ns,pct wk covid lab det,quantile,0.75,10
2026-01-24,2026-01-31,1,ns,pct wk covid lab det,quantile,0.9,11.6
2026-01-24,2026-01-31,1,ns,pct wk covid lab det,quantile,0.975,13.5
2026-01-24,2026-02-07,2,ns,pct wk covid lab det,quantile,0.025,3.9
2026-01-24,2026-02-07,2,ns,pct wk covid lab det,quantile,0.1,5.4
2026-01-24,2026-02-07,2,ns,pct wk covid lab det,quantile,0.25,6.9
2026-01-24,2026-02-07,2,ns,pct wk covid lab det,quantile,0.5,8.5
2026-01-24,2026-02-07,2,ns,pct wk covid lab det,quantile,0.75,10.2
2026-01-24,2026-02-07,2,ns,pct wk covid lab det,quantile,0.9,11.6
2026-01-24,2026-02-07,2,ns,pct wk covid lab det,quantile,0.975,13.6
2026-01-24,2026-02-14,3,ns,pct wk covid lab det,quantile,0.025,4.5
2026-01-24,2026-02-14,3,ns,pct wk covid lab det,quantile,0.1,5.9
2026-01-24,2026-02-14,3,ns,pct wk covid lab det,quantile,0.25,7.3
2026-01-24,2026-02-14,3,ns,pct wk covid lab det,quantile,0.5,9
2026-01-24,2026-02-14,3,ns,pct wk covid lab det,quantile,0.75,10.8
2026-01-24,2026-02-14,3,ns,pct wk covid lab det,quantile,0.9,12.6
2026-01-24,2026-02-14,3,ns,pct wk covid lab det,quantile,0.975,15
2026-01-24,2026-01-17,-1,nt,pct wk covid lab det,quantile,0.025,1.6
2026-01-24,2026-01-17,-1,nt,pct wk covid lab det,quantile,0.1,6.8
2026-01-24,2026-01-17,-1,nt,pct wk covid lab det,quantile,0.25,10.5
2026-01-24,2026-01-17,-1,nt,pct wk covid lab det,quantile,0.5,14.6
2026-01-24,2026-01-17,-1,nt,pct wk covid lab det,quantile,0.75,18.6
2026-01-24,2026-01-17,-1,nt,pct wk covid lab det,quantile,0.9,21.9
2026-01-24,2026-01-17,-1,nt,pct wk covid lab det,quantile,0.975,26.9
2026-01-24,2026-01-24,0,nt,pct wk covid lab det,quantile,0.025,0
2026-01-24,2026-01-24,0,nt,pct wk covid lab det,quantile,0.1,2.2
2026-01-24,2026-01-24,0,nt,pct wk covid lab det,quantile,0.25,6.7
2026-01-24,2026-01-24,0,nt,pct wk covid lab det,quantile,0.5,10.4
2026-01-24,2026-01-24,0,nt,pct wk covid lab det,quantile,0.75,15
2026-01-24,2026-01-24,0,nt,pct wk covid lab det,quantile,0.9,19.6
2026-01-24,2026-01-24,0,nt,pct wk covid lab det,quantile,0.975,26.4
2026-01-24,2026-01-31,1,nt,pct wk covid lab det,quantile,0.025,0
2026-01-24,2026-01-31,1,nt,pct wk covid lab det,quantile,0.1,4.7
2026-01-24,2026-01-31,1,nt,pct wk covid lab det,quantile,0.25,10.5
2026-01-24,2026-01-31,1,nt,pct wk covid lab det,quantile,0.5,16.2
2026-01-24,2026-01-31,1,nt,pct wk covid lab det,quantile,0.75,22.4
2026-01-24,2026-01-31,1,nt,pct wk covid lab det,quantile,0.9,28.8
2026-01-24,2026-01-31,1,nt,pct wk covid lab det,quantile,0.975,36.6
2026-01-24,2026-02-07,2,nt,pct wk covid lab det,quantile,0.025,0
2026-01-24,2026-02-07,2,nt,pct wk covid lab det,quantile,0.1,8.3
2026-01-24,2026-02-07,2,nt,pct wk covid lab det,quantile,0.25,12.9
2026-01-24,2026-02-07,2,nt,pct wk covid lab det,quantile,0.5,18
2026-01-24,2026-02-07,2,nt,pct wk covid lab det,quantile,0.75,24.6
2026-01-24,2026-02-07,2,nt,pct wk covid lab det,quantile,0.9,31.6
2026-01-24,2026-02-07,2,nt,pct wk covid lab det,quantile,0.975,41.8
2026-01-24,2026-02-14,3,nt,pct wk covid lab det,quantile,0.025,1.9
2026-01-24,2026-02-14,3,nt,pct wk covid lab det,quantile,0.1,6.6
2026-01-24,2026-02-14,3,nt,pct wk covid lab det,quantile,0.25,9.5
2026-01-24,2026-02-14,3,nt,pct wk covid lab det,quantile,0.5,13
2026-01-24,2026-02-14,3,nt,pct wk covid lab det,quantile,0.75,17.3
2026-01-24,2026-02-14,3,nt,pct wk covid lab det,quantile,0.9,22.2
2026-01-24,2026-02-14,3,nt,pct wk covid lab det,quantile,0.975,29.7
2026-01-24,2026-01-17,-1,on,pct wk covid lab det,quantile,0.025,4.2
2026-01-24,2026-01-17,-1,on,pct wk covid lab det,quantile,0.1,5
2026-01-24,2026-01-17,-1,on,pct wk covid lab det,quantile,0.25,5.8
2026-01-24,2026-01-17,-1,on,pct wk covid lab det,quantile,0.5,6.9
2026-01-24,2026-01-17,-1,on,pct wk covid lab det,quantile,0.75,7.8
2026-01-24,2026-01-17,-1,on,pct wk covid lab det,quantile,0.9,8.7
2026-01-24,2026-01-17,-1,on,pct wk covid lab det,quantile,0.975,9.7
2026-01-24,2026-01-24,0,on,pct wk covid lab det,quantile,0.025,3.7
2026-01-24,2026-01-24,0,on,pct wk covid lab det,quantile,0.1,4.9
2026-01-24,2026-01-24,0,on,pct wk covid lab det,quantile,0.25,5.8
2026-01-24,2026-01-24,0,on,pct wk covid lab det,quantile,0.5,6.8
2026-01-24,2026-01-24,0,on,pct wk covid lab det,quantile,0.75,7.8
2026-01-24,2026-01-24,0,on,pct wk covid lab det,quantile,0.9,8.7
2026-01-24,2026-01-24,0,on,pct wk covid lab det,quantile,0.975,9.7
2026-01-24,2026-01-31,1,on,pct wk covid lab det,quantile,0.025,4.1
2026-01-24,2026-01-31,1,on,pct wk covid lab det,quantile,0.1,4.9
2026-01-24,2026-01-31,1,on,pct wk covid lab det,quantile,0.25,5.7
2026-01-24,2026-01-31,1,on,pct wk covid lab det,quantile,0.5,6.6
2026-01-24,2026-01-31,1,on,pct wk covid lab det,quantile,0.75,7.6
2026-01-24,2026-01-31,1,on,pct wk covid lab det,quantile,0.9,8.6
2026-01-24,2026-01-31,1,on,pct wk covid lab det,quantile,0.975,9.6
2026-01-24,2026-02-07,2,on,pct wk covid lab det,quantile,0.025,3.6
2026-01-24,2026-02-07,2,on,pct wk covid lab det,quantile,0.1,4.6
2026-01-24,2026-02-07,2,on,pct wk covid lab det,quantile,0.25,5.3
2026-01-24,2026-02-07,2,on,pct wk covid lab det,quantile,0.5,6.1
2026-01-24,2026-02-07,2,on,pct wk covid lab det,quantile,0.75,7
2026-01-24,2026-02-07,2,on,pct wk covid lab det,quantile,0.9,8
2026-01-24,2026-02-07,2,on,pct wk covid lab det,quantile,0.975,8.9
2026-01-24,2026-02-14,3,on,pct wk covid lab det,quantile,0.025,4.2
2026-01-24,2026-02-14,3,on,pct wk covid lab det,quantile,0.1,5
2026-01-24,2026-02-14,3,on,pct wk covid lab det,quantile,0.25,5.8
2026-01-24,2026-02-14,3,on,pct wk covid lab det,quantile,0.5,6.8
2026-01-24,2026-02-14,3,on,pct wk covid lab det,quantile,0.75,7.9
2026-01-24,2026-02-14,3,on,pct wk covid lab det,quantile,0.9,8.8
2026-01-24,2026-02-14,3,on,pct wk covid lab det,quantile,0.975,10.4
2026-01-24,2026-01-17,-1,pe,pct wk covid lab det,quantile,0.025,0
2026-01-24,2026-01-17,-1,pe,pct wk covid lab det,quantile,0.1,0
2026-01-24,2026-01-17,-1,pe,pct wk covid lab det,quantile,0.25,0
2026-01-24,2026-01-17,-1,pe,pct wk covid lab det,quantile,0.5,3.2
2026-01-24,2026-01-17,-1,pe,pct wk covid lab det,quantile,0.75,6.7
2026-01-24,2026-01-17,-1,pe,pct wk covid lab det,quantile,0.9,10
2026-01-24,2026-01-17,-1,pe,pct wk covid lab det,quantile,0.975,13.2
2026-01-24,2026-01-24,0,pe,pct wk covid lab det,quantile,0.025,0
2026-01-24,2026-01-24,0,pe,pct wk covid lab det,quantile,0.1,0
2026-01-24,2026-01-24,0,pe,pct wk covid lab det,quantile,0.25,0.3
2026-01-24,2026-01-24,0,pe,pct wk covid lab det,quantile,0.5,3.1
2026-01-24,2026-01-24,0,pe,pct wk covid lab det,quantile,0.75,5.9
2026-01-24,2026-01-24,0,pe,pct wk covid lab det,quantile,0.9,8.6
2026-01-24,2026-01-24,0,pe,pct wk covid lab det,quantile,0.975,12.2
2026-01-24,2026-01-31,1,pe,pct wk covid lab det,quantile,0.025,0
2026-01-24,2026-01-31,1,pe,pct wk covid lab det,quantile,0.1,0
2026-01-24,2026-01-31,1,pe,pct wk covid lab det,quantile,0.25,0.8
2026-01-24,2026-01-31,1,pe,pct wk covid lab det,quantile,0.5,3.5
2026-01-24,2026-01-31,1,pe,pct wk covid lab det,quantile,0.75,6
2026-01-24,2026-01-31,1,pe,pct wk covid lab det,quantile,0.9,8.4
2026-01-24,2026-01-31,1,pe,pct wk covid lab det,quantile,0.975,12
2026-01-24,2026-02-07,2,pe,pct wk covid lab det,quantile,0.025,0
2026-01-24,2026-02-07,2,pe,pct wk covid lab det,quantile,0.1,0
2026-01-24,2026-02-07,2,pe,pct wk covid lab det,quantile,0.25,0.2
2026-01-24,2026-02-07,2,pe,pct wk covid lab det,quantile,0.5,2.7
2026-01-24,2026-02-07,2,pe,pct wk covid lab det,quantile,0.75,5.6
2026-01-24,2026-02-07,2,pe,pct wk covid lab det,quantile,0.9,8.4
2026-01-24,2026-02-07,2,pe,pct wk covid lab det,quantile,0.975,11.7
2026-01-24,2026-02-14,3,pe,pct wk covid lab det,quantile,0.025,0
2026-01-24,2026-02-14,3,pe,pct wk covid lab det,quantile,0.1,0
2026-01-24,2026-02-14,3,pe,pct wk covid lab det,quantile,0.25,1
2026-01-24,2026-02-14,3,pe,pct wk covid lab det,quantile,0.5,3.6
2026-01-24,2026-02-14,3,pe,pct wk covid lab det,quantile,0.75,6.4
2026-01-24,2026-02-14,3,pe,pct wk covid lab det,quantile,0.9,9.5
2026-01-24,2026-02-14,3,pe,pct wk covid lab det,quantile,0.975,14
2026-01-24,2026-01-17,-1,prairies,pct wk covid lab det,quantile,0.025,2.5
2026-01-24,2026-01-17,-1,prairies,pct wk covid lab det,quantile,0.1,3.2
2026-01-24,2026-01-17,-1,prairies,pct wk covid lab det,quantile,0.25,3.8
2026-01-24,2026-01-17,-1,prairies,pct wk covid lab det,quantile,0.5,4.5
2026-01-24,2026-01-17,-1,prairies,pct wk covid lab det,quantile,0.75,5.2
2026-01-24,2026-01-17,-1,prairies,pct wk covid lab det,quantile,0.9,5.8
2026-01-24,2026-01-17,-1,prairies,pct wk covid lab det,quantile,0.975,6.5
2026-01-24,2026-01-24,0,prairies,pct wk covid lab det,quantile,0.025,2.9
2026-01-24,2026-01-24,0,prairies,pct wk covid lab det,quantile,0.1,3.4
2026-01-24,2026-01-24,0,prairies,pct wk covid lab det,quantile,0.25,3.9
2026-01-24,2026-01-24,0,prairies,pct wk covid lab det,quantile,0.5,4.4
2026-01-24,2026-01-24,0,prairies,pct wk covid lab det,quantile,0.75,5
2026-01-24,2026-01-24,0,prairies,pct wk covid lab det,quantile,0.9,5.6
2026-01-24,2026-01-24,0,prairies,pct wk covid lab det,quantile,0.975,6.2
2026-01-24,2026-01-31,1,prairies,pct wk covid lab det,quantile,0.025,2.4
2026-01-24,2026-01-31,1,prairies,pct wk covid lab det,quantile,0.1,2.9
2026-01-24,2026-01-31,1,prairies,pct wk covid lab det,quantile,0.25,3.3
2026-01-24,2026-01-31,1,prairies,pct wk covid lab det,quantile,0.5,3.8
2026-01-24,2026-01-31,1,prairies,pct wk covid lab det,quantile,0.75,4.3
2026-01-24,2026-01-31,1,prairies,pct wk covid lab det,quantile,0.9,4.8
2026-01-24,2026-01-31,1,prairies,pct wk covid lab det,quantile,0.975,5.3
2026-01-24,2026-02-07,2,prairies,pct wk covid lab det,quantile,0.025,2.3
2026-01-24,2026-02-07,2,prairies,pct wk covid lab det,quantile,0.1,2.9
2026-01-24,2026-02-07,2,prairies,pct wk covid lab det,quantile,0.25,3.3
2026-01-24,2026-02-07,2,prairies,pct wk covid lab det,quantile,0.5,3.8
2026-01-24,2026-02-07,2,prairies,pct wk covid lab det,quantile,0.75,4.3
2026-01-24,2026-02-07,2,prairies,pct wk covid lab det,quantile,0.9,4.7
2026-01-24,2026-02-07,2,prairies,pct wk covid lab det,quantile,0.975,5.4
2026-01-24,2026-02-14,3,prairies,pct wk covid lab det,quantile,0.025,2.2
2026-01-24,2026-02-14,3,prairies,pct wk covid lab det,quantile,0.1,2.6
2026-01-24,2026-02-14,3,prairies,pct wk covid lab det,quantile,0.25,3.1
2026-01-24,2026-02-14,3,prairies,pct wk covid lab det,quantile,0.5,3.7
2026-01-24,2026-02-14,3,prairies,pct wk covid lab det,quantile,0.75,4.2
2026-01-24,2026-02-14,3,prairies,pct wk covid lab det,quantile,0.9,4.9
2026-01-24,2026-02-14,3,prairies,pct wk covid lab det,quantile,0.975,5.5
2026-01-24,2026-01-17,-1,qc,pct wk covid lab det,quantile,0.025,2.5
2026-01-24,2026-01-17,-1,qc,pct wk covid lab det,quantile,0.1,3.5
2026-01-24,2026-01-17,-1,qc,pct wk covid lab det,quantile,0.25,4.4
2026-01-24,2026-01-17,-1,qc,pct wk covid lab det,quantile,0.5,5.2
2026-01-24,2026-01-17,-1,qc,pct wk covid lab det,quantile,0.75,6
2026-01-24,2026-01-17,-1,qc,pct wk covid lab det,quantile,0.9,6.8
2026-01-24,2026-01-17,-1,qc,pct wk covid lab det,quantile,0.975,7.8
2026-01-24,2026-01-24,0,qc,pct wk covid lab det,quantile,0.025,3.6
2026-01-24,2026-01-24,0,qc,pct wk covid lab det,quantile,0.1,4.2
2026-01-24,2026-01-24,0,qc,pct wk covid lab det,quantile,0.25,4.8
2026-01-24,2026-01-24,0,qc,pct wk covid lab det,quantile,0.5,5.4
2026-01-24,2026-01-24,0,qc,pct wk covid lab det,quantile,0.75,6.1
2026-01-24,2026-01-24,0,qc,pct wk covid lab det,quantile,0.9,6.8
2026-01-24,2026-01-24,0,qc,pct wk covid lab det,quantile,0.975,7.5
2026-01-24,2026-01-31,1,qc,pct wk covid lab det,quantile,0.025,3.7
2026-01-24,2026-01-31,1,qc,pct wk covid lab det,quantile,0.1,4.4
2026-01-24,2026-01-31,1,qc,pct wk covid lab det,quantile,0.25,4.9
2026-01-24,2026-01-31,1,qc,pct wk covid lab det,quantile,0.5,5.8
2026-01-24,2026-01-31,1,qc,pct wk covid lab det,quantile,0.75,6.5
2026-01-24,2026-01-31,1,qc,pct wk covid lab det,quantile,0.9,7.2
2026-01-24,2026-01-31,1,qc,pct wk covid lab det,quantile,0.975,8.1
2026-01-24,2026-02-07,2,qc,pct wk covid lab det,quantile,0.025,2.9
2026-01-24,2026-02-07,2,qc,pct wk covid lab det,quantile,0.1,3.7
2026-01-24,2026-02-07,2,qc,pct wk covid lab det,quantile,0.25,4.3
2026-01-24,2026-02-07,2,qc,pct wk covid lab det,quantile,0.5,5
2026-01-24,2026-02-07,2,qc,pct wk covid lab det,quantile,0.75,5.7
2026-01-24,2026-02-07,2,qc,pct wk covid lab det,quantile,0.9,6.3
2026-01-24,2026-02-07,2,qc,pct wk covid lab det,quantile,0.975,7.4
2026-01-24,2026-02-14,3,qc,pct wk covid lab det,quantile,0.025,3
2026-01-24,2026-02-14,3,qc,pct wk covid lab det,quantile,0.1,3.7
2026-01-24,2026-02-14,3,qc,pct wk covid lab det,quantile,0.25,4.3
2026-01-24,2026-02-14,3,qc,pct wk covid lab det,quantile,0.5,5.2
2026-01-24,2026-02-14,3,qc,pct wk covid lab det,quantile,0.75,6
2026-01-24,2026-02-14,3,qc,pct wk covid lab det,quantile,0.9,6.9
2026-01-24,2026-02-14,3,qc,pct wk covid lab det,quantile,0.975,7.9
2026-01-24,2026-01-17,-1,sk,pct wk covid lab det,quantile,0.025,2.8
2026-01-24,2026-01-17,-1,sk,pct wk covid lab det,quantile,0.1,4.1
2026-01-24,2026-01-17,-1,sk,pct wk covid lab det,quantile,0.25,5
2026-01-24,2026-01-17,-1,sk,pct wk covid lab det,quantile,0.5,6.1
2026-01-24,2026-01-17,-1,sk,pct wk covid lab det,quantile,0.75,7.1
2026-01-24,2026-01-17,-1,sk,pct wk covid lab det,quantile,0.9,8.1
2026-01-24,2026-01-17,-1,sk,pct wk covid lab det,quantile,0.975,9.3
2026-01-24,2026-01-24,0,sk,pct wk covid lab det,quantile,0.025,3.4
2026-01-24,2026-01-24,0,sk,pct wk covid lab det,quantile,0.1,4.5
2026-01-24,2026-01-24,0,sk,pct wk covid lab det,quantile,0.25,5.2
2026-01-24,2026-01-24,0,sk,pct wk covid lab det,quantile,0.5,6.1
2026-01-24,2026-01-24,0,sk,pct wk covid lab det,quantile,0.75,6.9
2026-01-24,2026-01-24,0,sk,pct wk covid lab det,quantile,0.9,7.7
2026-01-24,2026-01-24,0,sk,pct wk covid lab det,quantile,0.975,8.5
2026-01-24,2026-01-31,1,sk,pct wk covid lab det,quantile,0.025,3.6
2026-01-24,2026-01-31,1,sk,pct wk covid lab det,quantile,0.1,4.6
2026-01-24,2026-01-31,1,sk,pct wk covid lab det,quantile,0.25,5.5
2026-01-24,2026-01-31,1,sk,pct wk covid lab det,quantile,0.5,6.5
2026-01-24,2026-01-31,1,sk,pct wk covid lab det,quantile,0.75,7.3
2026-01-24,2026-01-31,1,sk,pct wk covid lab det,quantile,0.9,8.2
2026-01-24,2026-01-31,1,sk,pct wk covid lab det,quantile,0.975,9.4
2026-01-24,2026-02-07,2,sk,pct wk covid lab det,quantile,0.025,3.3
2026-01-24,2026-02-07,2,sk,pct wk covid lab det,quantile,0.1,4.2
2026-01-24,2026-02-07,2,sk,pct wk covid lab det,quantile,0.25,4.8
2026-01-24,2026-02-07,2,sk,pct wk covid lab det,quantile,0.5,5.6
2026-01-24,2026-02-07,2,sk,pct wk covid lab det,quantile,0.75,6.5
2026-01-24,2026-02-07,2,sk,pct wk covid lab det,quantile,0.9,7.2
2026-01-24,2026-02-07,2,sk,pct wk covid lab det,quantile,0.975,8.2
2026-01-24,2026-02-14,3,sk,pct wk covid lab det,quantile,0.025,4.9
2026-01-24,2026-02-14,3,sk,pct wk covid lab det,quantile,0.1,5.9
2026-01-24,2026-02-14,3,sk,pct wk covid lab det,quantile,0.25,7
2026-01-24,2026-02-14,3,sk,pct wk covid lab det,quantile,0.5,8.3
2026-01-24,2026-02-14,3,sk,pct wk covid lab det,quantile,0.75,9.6
2026-01-24,2026-02-14,3,sk,pct wk covid lab det,quantile,0.9,11
2026-01-24,2026-02-14,3,sk,pct wk covid lab det,quantile,0.975,13.2
2026-01-24,2026-01-17,-1,territories,pct wk covid lab det,quantile,0.025,1.9
2026-01-24,2026-01-17,-1,territories,pct wk covid lab det,quantile,0.1,3.7
2026-01-24,2026-01-17,-1,territories,pct wk covid lab det,quantile,0.25,5.3
2026-01-24,2026-01-17,-1,territories,pct wk covid lab det,quantile,0.5,7.3
2026-01-24,2026-01-17,-1,territories,pct wk covid lab det,quantile,0.75,9.5
2026-01-24,2026-01-17,-1,territories,pct wk covid lab det,quantile,0.9,11.3
2026-01-24,2026-01-17,-1,territories,pct wk covid lab det,quantile,0.975,13.3
2026-01-24,2026-01-24,0,territories,pct wk covid lab det,quantile,0.025,1.3
2026-01-24,2026-01-24,0,territories,pct wk covid lab det,quantile,0.1,3.1
2026-01-24,2026-01-24,0,territories,pct wk covid lab det,quantile,0.25,4.6
2026-01-24,2026-01-24,0,territories,pct wk covid lab det,quantile,0.5,6.2
2026-01-24,2026-01-24,0,territories,pct wk covid lab det,quantile,0.75,7.7
2026-01-24,2026-01-24,0,territories,pct wk covid lab det,quantile,0.9,9.2
2026-01-24,2026-01-24,0,territories,pct wk covid lab det,quantile,0.975,11
2026-01-24,2026-01-31,1,territories,pct wk covid lab det,quantile,0.025,1.2
2026-01-24,2026-01-31,1,territories,pct wk covid lab det,quantile,0.1,3.5
2026-01-24,2026-01-31,1,territories,pct wk covid lab det,quantile,0.25,5.3
2026-01-24,2026-01-31,1,territories,pct wk covid lab det,quantile,0.5,7.2
2026-01-24,2026-01-31,1,territories,pct wk covid lab det,quantile,0.75,9.3
2026-01-24,2026-01-31,1,territories,pct wk covid lab det,quantile,0.9,11.2
2026-01-24,2026-01-31,1,territories,pct wk covid lab det,quantile,0.975,13.1
2026-01-24,2026-02-07,2,territories,pct wk covid lab det,quantile,0.025,3.5
2026-01-24,2026-02-07,2,territories,pct wk covid lab det,quantile,0.1,5.1
2026-01-24,2026-02-07,2,territories,pct wk covid lab det,quantile,0.25,6.2
2026-01-24,2026-02-07,2,territories,pct wk covid lab det,quantile,0.5,8
2026-01-24,2026-02-07,2,territories,pct wk covid lab det,quantile,0.75,10.1
2026-01-24,2026-02-07,2,territories,pct wk covid lab det,quantile,0.9,12
2026-01-24,2026-02-07,2,territories,pct wk covid lab det,quantile,0.975,14.3
2026-01-24,2026-02-14,3,territories,pct wk covid lab det,quantile,0.025,1.7
2026-01-24,2026-02-14,3,territories,pct wk covid lab det,quantile,0.1,3
2026-01-24,2026-02-14,3,territories,pct wk covid lab det,quantile,0.25,3.9
2026-01-24,2026-02-14,3,territories,pct wk covid lab det,quantile,0.5,5.1
2026-01-24,2026-02-14,3,territories,pct wk covid lab det,quantile,0.75,6.6
2026-01-24,2026-02-14,3,territories,pct wk covid lab det,quantile,0.9,7.9
2026-01-24,2026-02-14,3,territories,pct wk covid lab det,quantile,0.975,9.5
2026-01-24,2026-01-17,-1,ab,pct wk rsv lab det,quantile,0.025,3.7
2026-01-24,2026-01-17,-1,ab,pct wk rsv lab det,quantile,0.1,4.4
2026-01-24,2026-01-17,-1,ab,pct wk rsv lab det,quantile,0.25,5.1
2026-01-24,2026-01-17,-1,ab,pct wk rsv lab det,quantile,0.5,5.8
2026-01-24,2026-01-17,-1,ab,pct wk rsv lab det,quantile,0.75,6.4
2026-01-24,2026-01-17,-1,ab,pct wk rsv lab det,quantile,0.9,7.1
2026-01-24,2026-01-17,-1,ab,pct wk rsv lab det,quantile,0.975,7.9
2026-01-24,2026-01-24,0,ab,pct wk rsv lab det,quantile,0.025,4.5
2026-01-24,2026-01-24,0,ab,pct wk rsv lab det,quantile,0.1,5.3
2026-01-24,2026-01-24,0,ab,pct wk rsv lab det,quantile,0.25,5.8
2026-01-24,2026-01-24,0,ab,pct wk rsv lab det,quantile,0.5,6.6
2026-01-24,2026-01-24,0,ab,pct wk rsv lab det,quantile,0.75,7.2
2026-01-24,2026-01-24,0,ab,pct wk rsv lab det,quantile,0.9,7.9
2026-01-24,2026-01-24,0,ab,pct wk rsv lab det,quantile,0.975,8.9
2026-01-24,2026-01-31,1,ab,pct wk rsv lab det,quantile,0.025,5.1
2026-01-24,2026-01-31,1,ab,pct wk rsv lab det,quantile,0.1,5.7
2026-01-24,2026-01-31,1,ab,pct wk rsv lab det,quantile,0.25,6.6
2026-01-24,2026-01-31,1,ab,pct wk rsv lab det,quantile,0.5,7.4
2026-01-24,2026-01-31,1,ab,pct wk rsv lab det,quantile,0.75,8.2
2026-01-24,2026-01-31,1,ab,pct wk rsv lab det,quantile,0.9,9.1
2026-01-24,2026-01-31,1,ab,pct wk rsv lab det,quantile,0.975,10.3
2026-01-24,2026-02-07,2,ab,pct wk rsv lab det,quantile,0.025,5.2
2026-01-24,2026-02-07,2,ab,pct wk rsv lab det,quantile,0.1,5.9
2026-01-24,2026-02-07,2,ab,pct wk rsv lab det,quantile,0.25,6.8
2026-01-24,2026-02-07,2,ab,pct wk rsv lab det,quantile,0.5,7.8
2026-01-24,2026-02-07,2,ab,pct wk rsv lab det,quantile,0.75,8.7
2026-01-24,2026-02-07,2,ab,pct wk rsv lab det,quantile,0.9,9.7
2026-01-24,2026-02-07,2,ab,pct wk rsv lab det,quantile,0.975,11.2
2026-01-24,2026-02-14,3,ab,pct wk rsv lab det,quantile,0.025,5.2
2026-01-24,2026-02-14,3,ab,pct wk rsv lab det,quantile,0.1,6
2026-01-24,2026-02-14,3,ab,pct wk rsv lab det,quantile,0.25,7
2026-01-24,2026-02-14,3,ab,pct wk rsv lab det,quantile,0.5,8.1
2026-01-24,2026-02-14,3,ab,pct wk rsv lab det,quantile,0.75,9.3
2026-01-24,2026-02-14,3,ab,pct wk rsv lab det,quantile,0.9,10.4
2026-01-24,2026-02-14,3,ab,pct wk rsv lab det,quantile,0.975,12
2026-01-24,2026-01-17,-1,atlantic,pct wk rsv lab det,quantile,0.025,2.5
2026-01-24,2026-01-17,-1,atlantic,pct wk rsv lab det,quantile,0.1,3.2
2026-01-24,2026-01-17,-1,atlantic,pct wk rsv lab det,quantile,0.25,3.7
2026-01-24,2026-01-17,-1,atlantic,pct wk rsv lab det,quantile,0.5,4.2
2026-01-24,2026-01-17,-1,atlantic,pct wk rsv lab det,quantile,0.75,4.6
2026-01-24,2026-01-17,-1,atlantic,pct wk rsv lab det,quantile,0.9,5.1
2026-01-24,2026-01-17,-1,atlantic,pct wk rsv lab det,quantile,0.975,5.7
2026-01-24,2026-01-24,0,atlantic,pct wk rsv lab det,quantile,0.025,2.4
2026-01-24,2026-01-24,0,atlantic,pct wk rsv lab det,quantile,0.1,2.8
2026-01-24,2026-01-24,0,atlantic,pct wk rsv lab det,quantile,0.25,3.2
2026-01-24,2026-01-24,0,atlantic,pct wk rsv lab det,quantile,0.5,3.6
2026-01-24,2026-01-24,0,atlantic,pct wk rsv lab det,quantile,0.75,4
2026-01-24,2026-01-24,0,atlantic,pct wk rsv lab det,quantile,0.9,4.4
2026-01-24,2026-01-24,0,atlantic,pct wk rsv lab det,quantile,0.975,4.8
2026-01-24,2026-01-31,1,atlantic,pct wk rsv lab det,quantile,0.025,2.5
2026-01-24,2026-01-31,1,atlantic,pct wk rsv lab det,quantile,0.1,3
2026-01-24,2026-01-31,1,atlantic,pct wk rsv lab det,quantile,0.25,3.3
2026-01-24,2026-01-31,1,atlantic,pct wk rsv lab det,quantile,0.5,3.8
2026-01-24,2026-01-31,1,atlantic,pct wk rsv lab det,quantile,0.75,4.2
2026-01-24,2026-01-31,1,atlantic,pct wk rsv lab det,quantile,0.9,4.7
2026-01-24,2026-01-31,1,atlantic,pct wk rsv lab det,quantile,0.975,5.2
2026-01-24,2026-02-07,2,atlantic,pct wk rsv lab det,quantile,0.025,2.4
2026-01-24,2026-02-07,2,atlantic,pct wk rsv lab det,quantile,0.1,2.8
2026-01-24,2026-02-07,2,atlantic,pct wk rsv lab det,quantile,0.25,3.1
2026-01-24,2026-02-07,2,atlantic,pct wk rsv lab det,quantile,0.5,3.5
2026-01-24,2026-02-07,2,atlantic,pct wk rsv lab det,quantile,0.75,4
2026-01-24,2026-02-07,2,atlantic,pct wk rsv lab det,quantile,0.9,4.4
2026-01-24,2026-02-07,2,atlantic,pct wk rsv lab det,quantile,0.975,5.1
2026-01-24,2026-02-14,3,atlantic,pct wk rsv lab det,quantile,0.025,2.3
2026-01-24,2026-02-14,3,atlantic,pct wk rsv lab det,quantile,0.1,2.7
2026-01-24,2026-02-14,3,atlantic,pct wk rsv lab det,quantile,0.25,3.1
2026-01-24,2026-02-14,3,atlantic,pct wk rsv lab det,quantile,0.5,3.5
2026-01-24,2026-02-14,3,atlantic,pct wk rsv lab det,quantile,0.75,4.1
2026-01-24,2026-02-14,3,atlantic,pct wk rsv lab det,quantile,0.9,4.7
2026-01-24,2026-02-14,3,atlantic,pct wk rsv lab det,quantile,0.975,5.5
2026-01-24,2026-01-17,-1,bc,pct wk rsv lab det,quantile,0.025,3.8
2026-01-24,2026-01-17,-1,bc,pct wk rsv lab det,quantile,0.1,4.4
2026-01-24,2026-01-17,-1,bc,pct wk rsv lab det,quantile,0.25,4.9
2026-01-24,2026-01-17,-1,bc,pct wk rsv lab det,quantile,0.5,5.5
2026-01-24,2026-01-17,-1,bc,pct wk rsv lab det,quantile,0.75,6.1
2026-01-24,2026-01-17,-1,bc,pct wk rsv lab det,quantile,0.9,6.6
2026-01-24,2026-01-17,-1,bc,pct wk rsv lab det,quantile,0.975,7
2026-01-24,2026-01-24,0,bc,pct wk rsv lab det,quantile,0.025,4.1
2026-01-24,2026-01-24,0,bc,pct wk rsv lab det,quantile,0.1,4.6
2026-01-24,2026-01-24,0,bc,pct wk rsv lab det,quantile,0.25,5.1
2026-01-24,2026-01-24,0,bc,pct wk rsv lab det,quantile,0.5,5.5
2026-01-24,2026-01-24,0,bc,pct wk rsv lab det,quantile,0.75,6
2026-01-24,2026-01-24,0,bc,pct wk rsv lab det,quantile,0.9,6.4
2026-01-24,2026-01-24,0,bc,pct wk rsv lab det,quantile,0.975,7
2026-01-24,2026-01-31,1,bc,pct wk rsv lab det,quantile,0.025,3.5
2026-01-24,2026-01-31,1,bc,pct wk rsv lab det,quantile,0.1,4
2026-01-24,2026-01-31,1,bc,pct wk rsv lab det,quantile,0.25,4.5
2026-01-24,2026-01-31,1,bc,pct wk rsv lab det,quantile,0.5,5
2026-01-24,2026-01-31,1,bc,pct wk rsv lab det,quantile,0.75,5.5
2026-01-24,2026-01-31,1,bc,pct wk rsv lab det,quantile,0.9,6
2026-01-24,2026-01-31,1,bc,pct wk rsv lab det,quantile,0.975,6.6
2026-01-24,2026-02-07,2,bc,pct wk rsv lab det,quantile,0.025,2.5
2026-01-24,2026-02-07,2,bc,pct wk rsv lab det,quantile,0.1,2.9
2026-01-24,2026-02-07,2,bc,pct wk rsv lab det,quantile,0.25,3.3
2026-01-24,2026-02-07,2,bc,pct wk rsv lab det,quantile,0.5,3.7
2026-01-24,2026-02-07,2,bc,pct wk rsv lab det,quantile,0.75,4
2026-01-24,2026-02-07,2,bc,pct wk rsv lab det,quantile,0.9,4.5
2026-01-24,2026-02-07,2,bc,pct wk rsv lab det,quantile,0.975,5
2026-01-24,2026-02-14,3,bc,pct wk rsv lab det,quantile,0.025,2
2026-01-24,2026-02-14,3,bc,pct wk rsv lab det,quantile,0.1,2.4
2026-01-24,2026-02-14,3,bc,pct wk rsv lab det,quantile,0.25,2.7
2026-01-24,2026-02-14,3,bc,pct wk rsv lab det,quantile,0.5,3.1
2026-01-24,2026-02-14,3,bc,pct wk rsv lab det,quantile,0.75,3.5
2026-01-24,2026-02-14,3,bc,pct wk rsv lab det,quantile,0.9,3.9
2026-01-24,2026-02-14,3,bc,pct wk rsv lab det,quantile,0.975,4.5
2026-01-24,2026-01-17,-1,ca,pct wk rsv lab det,quantile,0.025,2.6
2026-01-24,2026-01-17,-1,ca,pct wk rsv lab det,quantile,0.1,3.4
2026-01-24,2026-01-17,-1,ca,pct wk rsv lab det,quantile,0.25,4.3
2026-01-24,2026-01-17,-1,ca,pct wk rsv lab det,quantile,0.5,5.4
2026-01-24,2026-01-17,-1,ca,pct wk rsv lab det,quantile,0.75,6.3
2026-01-24,2026-01-17,-1,ca,pct wk rsv lab det,quantile,0.9,7.3
2026-01-24,2026-01-17,-1,ca,pct wk rsv lab det,quantile,0.975,8.2
2026-01-24,2026-01-24,0,ca,pct wk rsv lab det,quantile,0.025,1.8
2026-01-24,2026-01-24,0,ca,pct wk rsv lab det,quantile,0.1,2.3
2026-01-24,2026-01-24,0,ca,pct wk rsv lab det,quantile,0.25,2.7
2026-01-24,2026-01-24,0,ca,pct wk rsv lab det,quantile,0.5,3.3
2026-01-24,2026-01-24,0,ca,pct wk rsv lab det,quantile,0.75,3.8
2026-01-24,2026-01-24,0,ca,pct wk rsv lab det,quantile,0.9,4.3
2026-01-24,2026-01-24,0,ca,pct wk rsv lab det,quantile,0.975,4.9
2026-01-24,2026-01-31,1,ca,pct wk rsv lab det,quantile,0.025,1.5
2026-01-24,2026-01-31,1,ca,pct wk rsv lab det,quantile,0.1,1.9
2026-01-24,2026-01-31,1,ca,pct wk rsv lab det,quantile,0.25,2.4
2026-01-24,2026-01-31,1,ca,pct wk rsv lab det,quantile,0.5,2.8
2026-01-24,2026-01-31,1,ca,pct wk rsv lab det,quantile,0.75,3.3
2026-01-24,2026-01-31,1,ca,pct wk rsv lab det,quantile,0.9,3.8
2026-01-24,2026-01-31,1,ca,pct wk rsv lab det,quantile,0.975,4.4
2026-01-24,2026-02-07,2,ca,pct wk rsv lab det,quantile,0.025,1.5
2026-01-24,2026-02-07,2,ca,pct wk rsv lab det,quantile,0.1,2
2026-01-24,2026-02-07,2,ca,pct wk rsv lab det,quantile,0.25,2.4
2026-01-24,2026-02-07,2,ca,pct wk rsv lab det,quantile,0.5,2.9
2026-01-24,2026-02-07,2,ca,pct wk rsv lab det,quantile,0.75,3.3
2026-01-24,2026-02-07,2,ca,pct wk rsv lab det,quantile,0.9,3.9
2026-01-24,2026-02-07,2,ca,pct wk rsv lab det,quantile,0.975,4.6
2026-01-24,2026-02-14,3,ca,pct wk rsv lab det,quantile,0.025,1.4
2026-01-24,2026-02-14,3,ca,pct wk rsv lab det,quantile,0.1,1.9
2026-01-24,2026-02-14,3,ca,pct wk rsv lab det,quantile,0.25,2.2
2026-01-24,2026-02-14,3,ca,pct wk rsv lab det,quantile,0.5,2.8
2026-01-24,2026-02-14,3,ca,pct wk rsv lab det,quantile,0.75,3.3
2026-01-24,2026-02-14,3,ca,pct wk rsv lab det,quantile,0.9,3.9
2026-01-24,2026-02-14,3,ca,pct wk rsv lab det,quantile,0.975,4.7
2026-01-24,2026-01-17,-1,mb,pct wk rsv lab det,quantile,0.025,0.9
2026-01-24,2026-01-17,-1,mb,pct wk rsv lab det,quantile,0.1,0.9
2026-01-24,2026-01-17,-1,mb,pct wk rsv lab det,quantile,0.25,1.3
2026-01-24,2026-01-17,-1,mb,pct wk rsv lab det,quantile,0.5,1.8
2026-01-24,2026-01-17,-1,mb,pct wk rsv lab det,quantile,0.75,2.3
2026-01-24,2026-01-17,-1,mb,pct wk rsv lab det,quantile,0.9,2.8
2026-01-24,2026-01-17,-1,mb,pct wk rsv lab det,quantile,0.975,3.3
2026-01-24,2026-01-24,0,mb,pct wk rsv lab det,quantile,0.025,0
2026-01-24,2026-01-24,0,mb,pct wk rsv lab det,quantile,0.1,0.3
2026-01-24,2026-01-24,0,mb,pct wk rsv lab det,quantile,0.25,0.5
2026-01-24,2026-01-24,0,mb,pct wk rsv lab det,quantile,0.5,0.8
2026-01-24,2026-01-24,0,mb,pct wk rsv lab det,quantile,0.75,1.2
2026-01-24,2026-01-24,0,mb,pct wk rsv lab det,quantile,0.9,1.4
2026-01-24,2026-01-24,0,mb,pct wk rsv lab det,quantile,0.975,1.8
2026-01-24,2026-01-31,1,mb,pct wk rsv lab det,quantile,0.025,0.1
2026-01-24,2026-01-31,1,mb,pct wk rsv lab det,quantile,0.1,0.3
2026-01-24,2026-01-31,1,mb,pct wk rsv lab det,quantile,0.25,0.6
2026-01-24,2026-01-31,1,mb,pct wk rsv lab det,quantile,0.5,0.8
2026-01-24,2026-01-31,1,mb,pct wk rsv lab det,quantile,0.75,1.1
2026-01-24,2026-01-31,1,mb,pct wk rsv lab det,quantile,0.9,1.4
2026-01-24,2026-01-31,1,mb,pct wk rsv lab det,quantile,0.975,1.7
2026-01-24,2026-02-07,2,mb,pct wk rsv lab det,quantile,0.025,0.1
2026-01-24,2026-02-07,2,mb,pct wk rsv lab det,quantile,0.1,0.3
2026-01-24,2026-02-07,2,mb,pct wk rsv lab det,quantile,0.25,0.5
2026-01-24,2026-02-07,2,mb,pct wk rsv lab det,quantile,0.5,0.8
2026-01-24,2026-02-07,2,mb,pct wk rsv lab det,quantile,0.75,1.1
2026-01-24,2026-02-07,2,mb,pct wk rsv lab det,quantile,0.9,1.3
2026-01-24,2026-02-07,2,mb,pct wk rsv lab det,quantile,0.975,1.5
2026-01-24,2026-02-14,3,mb,pct wk rsv lab det,quantile,0.025,0.1
2026-01-24,2026-02-14,3,mb,pct wk rsv lab det,quantile,0.1,0.3
2026-01-24,2026-02-14,3,mb,pct wk rsv lab det,quantile,0.25,0.5
2026-01-24,2026-02-14,3,mb,pct wk rsv lab det,quantile,0.5,0.7
2026-01-24,2026-02-14,3,mb,pct wk rsv lab det,quantile,0.75,1
2026-01-24,2026-02-14,3,mb,pct wk rsv lab det,quantile,0.9,1.2
2026-01-24,2026-02-14,3,mb,pct wk rsv lab det,quantile,0.975,1.5
2026-01-24,2026-01-17,-1,nb,pct wk rsv lab det,quantile,0.025,2.4
2026-01-24,2026-01-17,-1,nb,pct wk rsv lab det,quantile,0.1,3.1
2026-01-24,2026-01-17,-1,nb,pct wk rsv lab det,quantile,0.25,3.8
2026-01-24,2026-01-17,-1,nb,pct wk rsv lab det,quantile,0.5,4.6
2026-01-24,2026-01-17,-1,nb,pct wk rsv lab det,quantile,0.75,5.3
2026-01-24,2026-01-17,-1,nb,pct wk rsv lab det,quantile,0.9,6
2026-01-24,2026-01-17,-1,nb,pct wk rsv lab det,quantile,0.975,6.7
2026-01-24,2026-01-24,0,nb,pct wk rsv lab det,quantile,0.025,0.8
2026-01-24,2026-01-24,0,nb,pct wk rsv lab det,quantile,0.1,1
2026-01-24,2026-01-24,0,nb,pct wk rsv lab det,quantile,0.25,1.2
2026-01-24,2026-01-24,0,nb,pct wk rsv lab det,quantile,0.5,1.6
2026-01-24,2026-01-24,0,nb,pct wk rsv lab det,quantile,0.75,1.8
2026-01-24,2026-01-24,0,nb,pct wk rsv lab det,quantile,0.9,2
2026-01-24,2026-01-24,0,nb,pct wk rsv lab det,quantile,0.975,2.4
2026-01-24,2026-01-31,1,nb,pct wk rsv lab det,quantile,0.025,4.8
2026-01-24,2026-01-31,1,nb,pct wk rsv lab det,quantile,0.1,6.3
2026-01-24,2026-01-31,1,nb,pct wk rsv lab det,quantile,0.25,7.4
2026-01-24,2026-01-31,1,nb,pct wk rsv lab det,quantile,0.5,8.9
2026-01-24,2026-01-31,1,nb,pct wk rsv lab det,quantile,0.75,10.4
2026-01-24,2026-01-31,1,nb,pct wk rsv lab det,quantile,0.9,11.6
2026-01-24,2026-01-31,1,nb,pct wk rsv lab det,quantile,0.975,13.5
2026-01-24,2026-02-07,2,nb,pct wk rsv lab det,quantile,0.025,0
2026-01-24,2026-02-07,2,nb,pct wk rsv lab det,quantile,0.1,0
2026-01-24,2026-02-07,2,nb,pct wk rsv lab det,quantile,0.25,0
2026-01-24,2026-02-07,2,nb,pct wk rsv lab det,quantile,0.5,0
2026-01-24,2026-02-07,2,nb,pct wk rsv lab det,quantile,0.75,0
2026-01-24,2026-02-07,2,nb,pct wk rsv lab det,quantile,0.9,0
2026-01-24,2026-02-07,2,nb,pct wk rsv lab det,quantile,0.975,0
2026-01-24,2026-02-14,3,nb,pct wk rsv lab det,quantile,0.025,2
2026-01-24,2026-02-14,3,nb,pct wk rsv lab det,quantile,0.1,2.6
2026-01-24,2026-02-14,3,nb,pct wk rsv lab det,quantile,0.25,3.1
2026-01-24,2026-02-14,3,nb,pct wk rsv lab det,quantile,0.5,3.8
2026-01-24,2026-02-14,3,nb,pct wk rsv lab det,quantile,0.75,4.5
2026-01-24,2026-02-14,3,nb,pct wk rsv lab det,quantile,0.9,5.2
2026-01-24,2026-02-14,3,nb,pct wk rsv lab det,quantile,0.975,6.2
2026-01-24,2026-01-17,-1,nl,pct wk rsv lab det,quantile,0.025,0
2026-01-24,2026-01-17,-1,nl,pct wk rsv lab det,quantile,0.1,0
2026-01-24,2026-01-17,-1,nl,pct wk rsv lab det,quantile,0.25,0.7
2026-01-24,2026-01-17,-1,nl,pct wk rsv lab det,quantile,0.5,1.6
2026-01-24,2026-01-17,-1,nl,pct wk rsv lab det,quantile,0.75,2.4
2026-01-24,2026-01-17,-1,nl,pct wk rsv lab det,quantile,0.9,3.2
2026-01-24,2026-01-17,-1,nl,pct wk rsv lab det,quantile,0.975,4.2
2026-01-24,2026-01-24,0,nl,pct wk rsv lab det,quantile,0.025,0
2026-01-24,2026-01-24,0,nl,pct wk rsv lab det,quantile,0.1,0.5
2026-01-24,2026-01-24,0,nl,pct wk rsv lab det,quantile,0.25,1.2
2026-01-24,2026-01-24,0,nl,pct wk rsv lab det,quantile,0.5,1.8
2026-01-24,2026-01-24,0,nl,pct wk rsv lab det,quantile,0.75,2.5
2026-01-24,2026-01-24,0,nl,pct wk rsv lab det,quantile,0.9,3.2
2026-01-24,2026-01-24,0,nl,pct wk rsv lab det,quantile,0.975,4
2026-01-24,2026-01-31,1,nl,pct wk rsv lab det,quantile,0.025,0
2026-01-24,2026-01-31,1,nl,pct wk rsv lab det,quantile,0.1,0.5
2026-01-24,2026-01-31,1,nl,pct wk rsv lab det,quantile,0.25,1.2
2026-01-24,2026-01-31,1,nl,pct wk rsv lab det,quantile,0.5,1.9
2026-01-24,2026-01-31,1,nl,pct wk rsv lab det,quantile,0.75,2.6
2026-01-24,2026-01-31,1,nl,pct wk rsv lab det,quantile,0.9,3.4
2026-01-24,2026-01-31,1,nl,pct wk rsv lab det,quantile,0.975,4.1
2026-01-24,2026-02-07,2,nl,pct wk rsv lab det,quantile,0.025,0
2026-01-24,2026-02-07,2,nl,pct wk rsv lab det,quantile,0.1,0.6
2026-01-24,2026-02-07,2,nl,pct wk rsv lab det,quantile,0.25,1.2
2026-01-24,2026-02-07,2,nl,pct wk rsv lab det,quantile,0.5,2
2026-01-24,2026-02-07,2,nl,pct wk rsv lab det,quantile,0.75,2.6
2026-01-24,2026-02-07,2,nl,pct wk rsv lab det,quantile,0.9,3.3
2026-01-24,2026-02-07,2,nl,pct wk rsv lab det,quantile,0.975,4.2
2026-01-24,2026-02-14,3,nl,pct wk rsv lab det,quantile,0.025,0
2026-01-24,2026-02-14,3,nl,pct wk rsv lab det,quantile,0.1,0.4
2026-01-24,2026-02-14,3,nl,pct wk rsv lab det,quantile,0.25,0.8
2026-01-24,2026-02-14,3,nl,pct wk rsv lab det,quantile,0.5,1.4
2026-01-24,2026-02-14,3,nl,pct wk rsv lab det,quantile,0.75,1.9
2026-01-24,2026-02-14,3,nl,pct wk rsv lab det,quantile,0.9,2.5
2026-01-24,2026-02-14,3,nl,pct wk rsv lab det,quantile,0.975,3.2
2026-01-24,2026-01-17,-1,ns,pct wk rsv lab det,quantile,0.025,2.5
2026-01-24,2026-01-17,-1,ns,pct wk rsv lab det,quantile,0.1,3.3
2026-01-24,2026-01-17,-1,ns,pct wk rsv lab det,quantile,0.25,4
2026-01-24,2026-01-17,-1,ns,pct wk rsv lab det,quantile,0.5,4.8
2026-01-24,2026-01-17,-1,ns,pct wk rsv lab det,quantile,0.75,5.6
2026-01-24,2026-01-17,-1,ns,pct wk rsv lab det,quantile,0.9,6.2
2026-01-24,2026-01-17,-1,ns,pct wk rsv lab det,quantile,0.975,7
2026-01-24,2026-01-24,0,ns,pct wk rsv lab det,quantile,0.025,2.7
2026-01-24,2026-01-24,0,ns,pct wk rsv lab det,quantile,0.1,3.3
2026-01-24,2026-01-24,0,ns,pct wk rsv lab det,quantile,0.25,3.7
2026-01-24,2026-01-24,0,ns,pct wk rsv lab det,quantile,0.5,4.4
2026-01-24,2026-01-24,0,ns,pct wk rsv lab det,quantile,0.75,4.9
2026-01-24,2026-01-24,0,ns,pct wk rsv lab det,quantile,0.9,5.3
2026-01-24,2026-01-24,0,ns,pct wk rsv lab det,quantile,0.975,5.9
2026-01-24,2026-01-31,1,ns,pct wk rsv lab det,quantile,0.025,2.8
2026-01-24,2026-01-31,1,ns,pct wk rsv lab det,quantile,0.1,3.2
2026-01-24,2026-01-31,1,ns,pct wk rsv lab det,quantile,0.25,3.6
2026-01-24,2026-01-31,1,ns,pct wk rsv lab det,quantile,0.5,4.2
2026-01-24,2026-01-31,1,ns,pct wk rsv lab det,quantile,0.75,4.8
2026-01-24,2026-01-31,1,ns,pct wk rsv lab det,quantile,0.9,5.4
2026-01-24,2026-01-31,1,ns,pct wk rsv lab det,quantile,0.975,6
2026-01-24,2026-02-07,2,ns,pct wk rsv lab det,quantile,0.025,2.1
2026-01-24,2026-02-07,2,ns,pct wk rsv lab det,quantile,0.1,2.4
2026-01-24,2026-02-07,2,ns,pct wk rsv lab det,quantile,0.25,2.8
2026-01-24,2026-02-07,2,ns,pct wk rsv lab det,quantile,0.5,3.3
2026-01-24,2026-02-07,2,ns,pct wk rsv lab det,quantile,0.75,3.8
2026-01-24,2026-02-07,2,ns,pct wk rsv lab det,quantile,0.9,4.3
2026-01-24,2026-02-07,2,ns,pct wk rsv lab det,quantile,0.975,5
2026-01-24,2026-02-14,3,ns,pct wk rsv lab det,quantile,0.025,2
2026-01-24,2026-02-14,3,ns,pct wk rsv lab det,quantile,0.1,2.4
2026-01-24,2026-02-14,3,ns,pct wk rsv lab det,quantile,0.25,2.8
2026-01-24,2026-02-14,3,ns,pct wk rsv lab det,quantile,0.5,3.3
2026-01-24,2026-02-14,3,ns,pct wk rsv lab det,quantile,0.75,3.9
2026-01-24,2026-02-14,3,ns,pct wk rsv lab det,quantile,0.9,4.4
2026-01-24,2026-02-14,3,ns,pct wk rsv lab det,quantile,0.975,5.2
2026-01-24,2026-01-17,-1,on,pct wk rsv lab det,quantile,0.025,3.4
2026-01-24,2026-01-17,-1,on,pct wk rsv lab det,quantile,0.1,4.7
2026-01-24,2026-01-17,-1,on,pct wk rsv lab det,quantile,0.25,5.8
2026-01-24,2026-01-17,-1,on,pct wk rsv lab det,quantile,0.5,7.1
2026-01-24,2026-01-17,-1,on,pct wk rsv lab det,quantile,0.75,8.2
2026-01-24,2026-01-17,-1,on,pct wk rsv lab det,quantile,0.9,9.2
2026-01-24,2026-01-17,-1,on,pct wk rsv lab det,quantile,0.975,10.6
2026-01-24,2026-01-24,0,on,pct wk rsv lab det,quantile,0.025,3.1
2026-01-24,2026-01-24,0,on,pct wk rsv lab det,quantile,0.1,4.4
2026-01-24,2026-01-24,0,on,pct wk rsv lab det,quantile,0.25,5.3
2026-01-24,2026-01-24,0,on,pct wk rsv lab det,quantile,0.5,6.4
2026-01-24,2026-01-24,0,on,pct wk rsv lab det,quantile,0.75,7.6
2026-01-24,2026-01-24,0,on,pct wk rsv lab det,quantile,0.9,8.7
2026-01-24,2026-01-24,0,on,pct wk rsv lab det,quantile,0.975,9.7
2026-01-24,2026-01-31,1,on,pct wk rsv lab det,quantile,0.025,4.2
2026-01-24,2026-01-31,1,on,pct wk rsv lab det,quantile,0.1,5.2
2026-01-24,2026-01-31,1,on,pct wk rsv lab det,quantile,0.25,6.4
2026-01-24,2026-01-31,1,on,pct wk rsv lab det,quantile,0.5,7.7
2026-01-24,2026-01-31,1,on,pct wk rsv lab det,quantile,0.75,9
2026-01-24,2026-01-31,1,on,pct wk rsv lab det,quantile,0.9,10.4
2026-01-24,2026-01-31,1,on,pct wk rsv lab det,quantile,0.975,11.9
2026-01-24,2026-02-07,2,on,pct wk rsv lab det,quantile,0.025,4.9
2026-01-24,2026-02-07,2,on,pct wk rsv lab det,quantile,0.1,6.2
2026-01-24,2026-02-07,2,on,pct wk rsv lab det,quantile,0.25,7.1
2026-01-24,2026-02-07,2,on,pct wk rsv lab det,quantile,0.5,8.7
2026-01-24,2026-02-07,2,on,pct wk rsv lab det,quantile,0.75,10.5
2026-01-24,2026-02-07,2,on,pct wk rsv lab det,quantile,0.9,12.2
2026-01-24,2026-02-07,2,on,pct wk rsv lab det,quantile,0.975,14
2026-01-24,2026-02-14,3,on,pct wk rsv lab det,quantile,0.025,5.5
2026-01-24,2026-02-14,3,on,pct wk rsv lab det,quantile,0.1,6.9
2026-01-24,2026-02-14,3,on,pct wk rsv lab det,quantile,0.25,8.4
2026-01-24,2026-02-14,3,on,pct wk rsv lab det,quantile,0.5,10.3
2026-01-24,2026-02-14,3,on,pct wk rsv lab det,quantile,0.75,12.5
2026-01-24,2026-02-14,3,on,pct wk rsv lab det,quantile,0.9,14.8
2026-01-24,2026-02-14,3,on,pct wk rsv lab det,quantile,0.975,17.1
2026-01-24,2026-01-17,-1,pe,pct wk rsv lab det,quantile,0.025,0
2026-01-24,2026-01-17,-1,pe,pct wk rsv lab det,quantile,0.1,0
2026-01-24,2026-01-17,-1,pe,pct wk rsv lab det,quantile,0.25,0.1
2026-01-24,2026-01-17,-1,pe,pct wk rsv lab det,quantile,0.5,1.6
2026-01-24,2026-01-17,-1,pe,pct wk rsv lab det,quantile,0.75,3
2026-01-24,2026-01-17,-1,pe,pct wk rsv lab det,quantile,0.9,4.2
2026-01-24,2026-01-17,-1,pe,pct wk rsv lab det,quantile,0.975,5.8
2026-01-24,2026-01-24,0,pe,pct wk rsv lab det,quantile,0.025,0
2026-01-24,2026-01-24,0,pe,pct wk rsv lab det,quantile,0.1,0
2026-01-24,2026-01-24,0,pe,pct wk rsv lab det,quantile,0.25,0.9
2026-01-24,2026-01-24,0,pe,pct wk rsv lab det,quantile,0.5,2.3
2026-01-24,2026-01-24,0,pe,pct wk rsv lab det,quantile,0.75,3.5
2026-01-24,2026-01-24,0,pe,pct wk rsv lab det,quantile,0.9,4.5
2026-01-24,2026-01-24,0,pe,pct wk rsv lab det,quantile,0.975,6.4
2026-01-24,2026-01-31,1,pe,pct wk rsv lab det,quantile,0.025,0
2026-01-24,2026-01-31,1,pe,pct wk rsv lab det,quantile,0.1,0.2
2026-01-24,2026-01-31,1,pe,pct wk rsv lab det,quantile,0.25,1.3
2026-01-24,2026-01-31,1,pe,pct wk rsv lab det,quantile,0.5,2.6
2026-01-24,2026-01-31,1,pe,pct wk rsv lab det,quantile,0.75,4
2026-01-24,2026-01-31,1,pe,pct wk rsv lab det,quantile,0.9,5.2
2026-01-24,2026-01-31,1,pe,pct wk rsv lab det,quantile,0.975,6.6
2026-01-24,2026-02-07,2,pe,pct wk rsv lab det,quantile,0.025,0
2026-01-24,2026-02-07,2,pe,pct wk rsv lab det,quantile,0.1,0.5
2026-01-24,2026-02-07,2,pe,pct wk rsv lab det,quantile,0.25,1.7
2026-01-24,2026-02-07,2,pe,pct wk rsv lab det,quantile,0.5,3.3
2026-01-24,2026-02-07,2,pe,pct wk rsv lab det,quantile,0.75,4.9
2026-01-24,2026-02-07,2,pe,pct wk rsv lab det,quantile,0.9,6.2
2026-01-24,2026-02-07,2,pe,pct wk rsv lab det,quantile,0.975,8.2
2026-01-24,2026-02-14,3,pe,pct wk rsv lab det,quantile,0.025,0
2026-01-24,2026-02-14,3,pe,pct wk rsv lab det,quantile,0.1,0.2
2026-01-24,2026-02-14,3,pe,pct wk rsv lab det,quantile,0.25,1.6
2026-01-24,2026-02-14,3,pe,pct wk rsv lab det,quantile,0.5,3.3
2026-01-24,2026-02-14,3,pe,pct wk rsv lab det,quantile,0.75,5.2
2026-01-24,2026-02-14,3,pe,pct wk rsv lab det,quantile,0.9,6.9
2026-01-24,2026-02-14,3,pe,pct wk rsv lab det,quantile,0.975,8.9
2026-01-24,2026-01-17,-1,prairies,pct wk rsv lab det,quantile,0.025,2.9
2026-01-24,2026-01-17,-1,prairies,pct wk rsv lab det,quantile,0.1,3.9
2026-01-24,2026-01-17,-1,prairies,pct wk rsv lab det,quantile,0.25,4.7
2026-01-24,2026-01-17,-1,prairies,pct wk rsv lab det,quantile,0.5,5.5
2026-01-24,2026-01-17,-1,prairies,pct wk rsv lab det,quantile,0.75,6.4
2026-01-24,2026-01-17,-1,prairies,pct wk rsv lab det,quantile,0.9,7.1
2026-01-24,2026-01-17,-1,prairies,pct wk rsv lab det,quantile,0.975,8
2026-01-24,2026-01-24,0,prairies,pct wk rsv lab det,quantile,0.025,4
2026-01-24,2026-01-24,0,prairies,pct wk rsv lab det,quantile,0.1,4.8
2026-01-24,2026-01-24,0,prairies,pct wk rsv lab det,quantile,0.25,5.5
2026-01-24,2026-01-24,0,prairies,pct wk rsv lab det,quantile,0.5,6.4
2026-01-24,2026-01-24,0,prairies,pct wk rsv lab det,quantile,0.75,7.3
2026-01-24,2026-01-24,0,prairies,pct wk rsv lab det,quantile,0.9,8.3
2026-01-24,2026-01-24,0,prairies,pct wk rsv lab det,quantile,0.975,9.4
2026-01-24,2026-01-31,1,prairies,pct wk rsv lab det,quantile,0.025,3.8
2026-01-24,2026-01-31,1,prairies,pct wk rsv lab det,quantile,0.1,4.5
2026-01-24,2026-01-31,1,prairies,pct wk rsv lab det,quantile,0.25,5.3
2026-01-24,2026-01-31,1,prairies,pct wk rsv lab det,quantile,0.5,6.1
2026-01-24,2026-01-31,1,prairies,pct wk rsv lab det,quantile,0.75,7
2026-01-24,2026-01-31,1,prairies,pct wk rsv lab det,quantile,0.9,7.9
2026-01-24,2026-01-31,1,prairies,pct wk rsv lab det,quantile,0.975,9
2026-01-24,2026-02-07,2,prairies,pct wk rsv lab det,quantile,0.025,2.5
2026-01-24,2026-02-07,2,prairies,pct wk rsv lab det,quantile,0.1,3.1
2026-01-24,2026-02-07,2,prairies,pct wk rsv lab det,quantile,0.25,3.5
2026-01-24,2026-02-07,2,prairies,pct wk rsv lab det,quantile,0.5,4.2
2026-01-24,2026-02-07,2,prairies,pct wk rsv lab det,quantile,0.75,4.8
2026-01-24,2026-02-07,2,prairies,pct wk rsv lab det,quantile,0.9,5.5
2026-01-24,2026-02-07,2,prairies,pct wk rsv lab det,quantile,0.975,6.4
2026-01-24,2026-02-14,3,prairies,pct wk rsv lab det,quantile,0.025,2.4
2026-01-24,2026-02-14,3,prairies,pct wk rsv lab det,quantile,0.1,3
2026-01-24,2026-02-14,3,prairies,pct wk rsv lab det,quantile,0.25,3.5
2026-01-24,2026-02-14,3,prairies,pct wk rsv lab det,quantile,0.5,4.2
2026-01-24,2026-02-14,3,prairies,pct wk rsv lab det,quantile,0.75,5
2026-01-24,2026-02-14,3,prairies,pct wk rsv lab det,quantile,0.9,5.6
2026-01-24,2026-02-14,3,prairies,pct wk rsv lab det,quantile,0.975,6.7
2026-01-24,2026-01-17,-1,qc,pct wk rsv lab det,quantile,0.025,1.4
2026-01-24,2026-01-17,-1,qc,pct wk rsv lab det,quantile,0.1,2.5
2026-01-24,2026-01-17,-1,qc,pct wk rsv lab det,quantile,0.25,3.5
2026-01-24,2026-01-17,-1,qc,pct wk rsv lab det,quantile,0.5,4.6
2026-01-24,2026-01-17,-1,qc,pct wk rsv lab det,quantile,0.75,5.7
2026-01-24,2026-01-17,-1,qc,pct wk rsv lab det,quantile,0.9,6.7
2026-01-24,2026-01-17,-1,qc,pct wk rsv lab det,quantile,0.975,7.7
2026-01-24,2026-01-24,0,qc,pct wk rsv lab det,quantile,0.025,1
2026-01-24,2026-01-24,0,qc,pct wk rsv lab det,quantile,0.1,1.7
2026-01-24,2026-01-24,0,qc,pct wk rsv lab det,quantile,0.25,2.3
2026-01-24,2026-01-24,0,qc,pct wk rsv lab det,quantile,0.5,3
2026-01-24,2026-01-24,0,qc,pct wk rsv lab det,quantile,0.75,3.7
2026-01-24,2026-01-24,0,qc,pct wk rsv lab det,quantile,0.9,4.2
2026-01-24,2026-01-24,0,qc,pct wk rsv lab det,quantile,0.975,4.9
2026-01-24,2026-01-31,1,qc,pct wk rsv lab det,quantile,0.025,0.9
2026-01-24,2026-01-31,1,qc,pct wk rsv lab det,quantile,0.1,1.4
2026-01-24,2026-01-31,1,qc,pct wk rsv lab det,quantile,0.25,1.8
2026-01-24,2026-01-31,1,qc,pct wk rsv lab det,quantile,0.5,2.4
2026-01-24,2026-01-31,1,qc,pct wk rsv lab det,quantile,0.75,3
2026-01-24,2026-01-31,1,qc,pct wk rsv lab det,quantile,0.9,3.5
2026-01-24,2026-01-31,1,qc,pct wk rsv lab det,quantile,0.975,4
2026-01-24,2026-02-07,2,qc,pct wk rsv lab det,quantile,0.025,0.7
2026-01-24,2026-02-07,2,qc,pct wk rsv lab det,quantile,0.1,1.1
2026-01-24,2026-02-07,2,qc,pct wk rsv lab det,quantile,0.25,1.5
2026-01-24,2026-02-07,2,qc,pct wk rsv lab det,quantile,0.5,1.9
2026-01-24,2026-02-07,2,qc,pct wk rsv lab det,quantile,0.75,2.4
2026-01-24,2026-02-07,2,qc,pct wk rsv lab det,quantile,0.9,2.8
2026-01-24,2026-02-07,2,qc,pct wk rsv lab det,quantile,0.975,3.3
2026-01-24,2026-02-14,3,qc,pct wk rsv lab det,quantile,0.025,0.8
2026-01-24,2026-02-14,3,qc,pct wk rsv lab det,quantile,0.1,1.1
2026-01-24,2026-02-14,3,qc,pct wk rsv lab det,quantile,0.25,1.5
2026-01-24,2026-02-14,3,qc,pct wk rsv lab det,quantile,0.5,1.9
2026-01-24,2026-02-14,3,qc,pct wk rsv lab det,quantile,0.75,2.4
2026-01-24,2026-02-14,3,qc,pct wk rsv lab det,quantile,0.9,2.8
2026-01-24,2026-02-14,3,qc,pct wk rsv lab det,quantile,0.975,3.4
2026-01-24,2026-01-17,-1,sk,pct wk rsv lab det,quantile,0.025,5.3
2026-01-24,2026-01-17,-1,sk,pct wk rsv lab det,quantile,0.1,6.5
2026-01-24,2026-01-17,-1,sk,pct wk rsv lab det,quantile,0.25,7.8
2026-01-24,2026-01-17,-1,sk,pct wk rsv lab det,quantile,0.5,9
2026-01-24,2026-01-17,-1,sk,pct wk rsv lab det,quantile,0.75,10.2
2026-01-24,2026-01-17,-1,sk,pct wk rsv lab det,quantile,0.9,11.4
2026-01-24,2026-01-17,-1,sk,pct wk rsv lab det,quantile,0.975,12.6
2026-01-24,2026-01-24,0,sk,pct wk rsv lab det,quantile,0.025,5.8
2026-01-24,2026-01-24,0,sk,pct wk rsv lab det,quantile,0.1,8.1
2026-01-24,2026-01-24,0,sk,pct wk rsv lab det,quantile,0.25,10
2026-01-24,2026-01-24,0,sk,pct wk rsv lab det,quantile,0.5,12.4
2026-01-24,2026-01-24,0,sk,pct wk rsv lab det,quantile,0.75,14.5
2026-01-24,2026-01-24,0,sk,pct wk rsv lab det,quantile,0.9,16.6
2026-01-24,2026-01-24,0,sk,pct wk rsv lab det,quantile,0.975,19.4
2026-01-24,2026-01-31,1,sk,pct wk rsv lab det,quantile,0.025,4.8
2026-01-24,2026-01-31,1,sk,pct wk rsv lab det,quantile,0.1,6.4
2026-01-24,2026-01-31,1,sk,pct wk rsv lab det,quantile,0.25,7.6
2026-01-24,2026-01-31,1,sk,pct wk rsv lab det,quantile,0.5,9.3
2026-01-24,2026-01-31,1,sk,pct wk rsv lab det,quantile,0.75,10.9
2026-01-24,2026-01-31,1,sk,pct wk rsv lab det,quantile,0.9,12.7
2026-01-24,2026-01-31,1,sk,pct wk rsv lab det,quantile,0.975,14.4
2026-01-24,2026-02-07,2,sk,pct wk rsv lab det,quantile,0.025,6.1
2026-01-24,2026-02-07,2,sk,pct wk rsv lab det,quantile,0.1,8.1
2026-01-24,2026-02-07,2,sk,pct wk rsv lab det,quantile,0.25,9.9
2026-01-24,2026-02-07,2,sk,pct wk rsv lab det,quantile,0.5,12.2
2026-01-24,2026-02-07,2,sk,pct wk rsv lab det,quantile,0.75,14.3
2026-01-24,2026-02-07,2,sk,pct wk rsv lab det,quantile,0.9,17
2026-01-24,2026-02-07,2,sk,pct wk rsv lab det,quantile,0.975,19.4
2026-01-24,2026-02-14,3,sk,pct wk rsv lab det,quantile,0.025,5
2026-01-24,2026-02-14,3,sk,pct wk rsv lab det,quantile,0.1,6.1
2026-01-24,2026-02-14,3,sk,pct wk rsv lab det,quantile,0.25,7.5
2026-01-24,2026-02-14,3,sk,pct wk rsv lab det,quantile,0.5,9
2026-01-24,2026-02-14,3,sk,pct wk rsv lab det,quantile,0.75,10.9
2026-01-24,2026-02-14,3,sk,pct wk rsv lab det,quantile,0.9,12.9
2026-01-24,2026-02-14,3,sk,pct wk rsv lab det,quantile,0.975,14.9
2026-01-24,2026-01-17,-1,ab,pct wk flu lab det,quantile,0.025,0
2026-01-24,2026-01-17,-1,ab,pct wk flu lab det,quantile,0.1,3.2
2026-01-24,2026-01-17,-1,ab,pct wk flu lab det,quantile,0.25,6.3
2026-01-24,2026-01-17,-1,ab,pct wk flu lab det,quantile,0.5,9.9
2026-01-24,2026-01-17,-1,ab,pct wk flu lab det,quantile,0.75,13.7
2026-01-24,2026-01-17,-1,ab,pct wk flu lab det,quantile,0.9,17
2026-01-24,2026-01-17,-1,ab,pct wk flu lab det,quantile,0.975,20.9
2026-01-24,2026-01-24,0,ab,pct wk flu lab det,quantile,0.025,0
2026-01-24,2026-01-24,0,ab,pct wk flu lab det,quantile,0.1,0
2026-01-24,2026-01-24,0,ab,pct wk flu lab det,quantile,0.25,4.1
2026-01-24,2026-01-24,0,ab,pct wk flu lab det,quantile,0.5,9.3
2026-01-24,2026-01-24,0,ab,pct wk flu lab det,quantile,0.75,14.2
2026-01-24,2026-01-24,0,ab,pct wk flu lab det,quantile,0.9,19.1
2026-01-24,2026-01-24,0,ab,pct wk flu lab det,quantile,0.975,24.2
2026-01-24,2026-01-31,1,ab,pct wk flu lab det,quantile,0.025,0
2026-01-24,2026-01-31,1,ab,pct wk flu lab det,quantile,0.1,0
2026-01-24,2026-01-31,1,ab,pct wk flu lab det,quantile,0.25,0
2026-01-24,2026-01-31,1,ab,pct wk flu lab det,quantile,0.5,7.5
2026-01-24,2026-01-31,1,ab,pct wk flu lab det,quantile,0.75,18.2
2026-01-24,2026-01-31,1,ab,pct wk flu lab det,quantile,0.9,26.3
2026-01-24,2026-01-31,1,ab,pct wk flu lab det,quantile,0.975,35.6
2026-01-24,2026-02-07,2,ab,pct wk flu lab det,quantile,0.025,0
2026-01-24,2026-02-07,2,ab,pct wk flu lab det,quantile,0.1,0
2026-01-24,2026-02-07,2,ab,pct wk flu lab det,quantile,0.25,0
2026-01-24,2026-02-07,2,ab,pct wk flu lab det,quantile,0.5,6.1
2026-01-24,2026-02-07,2,ab,pct wk flu lab det,quantile,0.75,21.4
2026-01-24,2026-02-07,2,ab,pct wk flu lab det,quantile,0.9,34.1
2026-01-24,2026-02-07,2,ab,pct wk flu lab det,quantile,0.975,48.9
2026-01-24,2026-02-14,3,ab,pct wk flu lab det,quantile,0.025,6.7
2026-01-24,2026-02-14,3,ab,pct wk flu lab det,quantile,0.1,6.7
2026-01-24,2026-02-14,3,ab,pct wk flu lab det,quantile,0.25,6.7
2026-01-24,2026-02-14,3,ab,pct wk flu lab det,quantile,0.5,6.7
2026-01-24,2026-02-14,3,ab,pct wk flu lab det,quantile,0.75,9.5
2026-01-24,2026-02-14,3,ab,pct wk flu lab det,quantile,0.9,11.7
2026-01-24,2026-02-14,3,ab,pct wk flu lab det,quantile,0.975,14.3
2026-01-24,2026-01-17,-1,atlantic,pct wk flu lab det,quantile,0.025,5.8
2026-01-24,2026-01-17,-1,atlantic,pct wk flu lab det,quantile,0.1,8.6
2026-01-24,2026-01-17,-1,atlantic,pct wk flu lab det,quantile,0.25,11
2026-01-24,2026-01-17,-1,atlantic,pct wk flu lab det,quantile,0.5,13.7
2026-01-24,2026-01-17,-1,atlantic,pct wk flu lab det,quantile,0.75,16.3
2026-01-24,2026-01-17,-1,atlantic,pct wk flu lab det,quantile,0.9,18.8
2026-01-24,2026-01-17,-1,atlantic,pct wk flu lab det,quantile,0.975,22.1
2026-01-24,2026-01-24,0,atlantic,pct wk flu lab det,quantile,0.025,2.2
2026-01-24,2026-01-24,0,atlantic,pct wk flu lab det,quantile,0.1,5.7
2026-01-24,2026-01-24,0,atlantic,pct wk flu lab det,quantile,0.25,9.1
2026-01-24,2026-01-24,0,atlantic,pct wk flu lab det,quantile,0.5,12.5
2026-01-24,2026-01-24,0,atlantic,pct wk flu lab det,quantile,0.75,15.8
2026-01-24,2026-01-24,0,atlantic,pct wk flu lab det,quantile,0.9,18.4
2026-01-24,2026-01-24,0,atlantic,pct wk flu lab det,quantile,0.975,21.6
2026-01-24,2026-01-31,1,atlantic,pct wk flu lab det,quantile,0.025,0
2026-01-24,2026-01-31,1,atlantic,pct wk flu lab det,quantile,0.1,0.4
2026-01-24,2026-01-31,1,atlantic,pct wk flu lab det,quantile,0.25,6.2
2026-01-24,2026-01-31,1,atlantic,pct wk flu lab det,quantile,0.5,12.1
2026-01-24,2026-01-31,1,atlantic,pct wk flu lab det,quantile,0.75,16.6
2026-01-24,2026-01-31,1,atlantic,pct wk flu lab det,quantile,0.9,20.8
2026-01-24,2026-01-31,1,atlantic,pct wk flu lab det,quantile,0.975,25.9
2026-01-24,2026-02-07,2,atlantic,pct wk flu lab det,quantile,0.025,0
2026-01-24,2026-02-07,2,atlantic,pct wk flu lab det,quantile,0.1,0
2026-01-24,2026-02-07,2,atlantic,pct wk flu lab det,quantile,0.25,3
2026-01-24,2026-02-07,2,atlantic,pct wk flu lab det,quantile,0.5,11.4
2026-01-24,2026-02-07,2,atlantic,pct wk flu lab det,quantile,0.75,18
2026-01-24,2026-02-07,2,atlantic,pct wk flu lab det,quantile,0.9,24.4
2026-01-24,2026-02-07,2,atlantic,pct wk flu lab det,quantile,0.975,31.1
2026-01-24,2026-02-14,3,atlantic,pct wk flu lab det,quantile,0.025,0
2026-01-24,2026-02-14,3,atlantic,pct wk flu lab det,quantile,0.1,0
2026-01-24,2026-02-14,3,atlantic,pct wk flu lab det,quantile,0.25,0
2026-01-24,2026-02-14,3,atlantic,pct wk flu lab det,quantile,0.5,10.4
2026-01-24,2026-02-14,3,atlantic,pct wk flu lab det,quantile,0.75,24.1
2026-01-24,2026-02-14,3,atlantic,pct wk flu lab det,quantile,0.9,36.5
2026-01-24,2026-02-14,3,atlantic,pct wk flu lab det,quantile,0.975,49.5
2026-01-24,2026-01-17,-1,bc,pct wk flu lab det,quantile,0.025,8.2
2026-01-24,2026-01-17,-1,bc,pct wk flu lab det,quantile,0.1,10.8
2026-01-24,2026-01-17,-1,bc,pct wk flu lab det,quantile,0.25,12.7
2026-01-24,2026-01-17,-1,bc,pct wk flu lab det,quantile,0.5,15
2026-01-24,2026-01-17,-1,bc,pct wk flu lab det,quantile,0.75,17.3
2026-01-24,2026-01-17,-1,bc,pct wk flu lab det,quantile,0.9,19.9
2026-01-24,2026-01-17,-1,bc,pct wk flu lab det,quantile,0.975,21.9
2026-01-24,2026-01-24,0,bc,pct wk flu lab det,quantile,0.025,7.1
2026-01-24,2026-01-24,0,bc,pct wk flu lab det,quantile,0.1,9.7
2026-01-24,2026-01-24,0,bc,pct wk flu lab det,quantile,0.25,12.1
2026-01-24,2026-01-24,0,bc,pct wk flu lab det,quantile,0.5,14.6
2026-01-24,2026-01-24,0,bc,pct wk flu lab det,quantile,0.75,17
2026-01-24,2026-01-24,0,bc,pct wk flu lab det,quantile,0.9,19.4
2026-01-24,2026-01-24,0,bc,pct wk flu lab det,quantile,0.975,22
2026-01-24,2026-01-31,1,bc,pct wk flu lab det,quantile,0.025,0.6
2026-01-24,2026-01-31,1,bc,pct wk flu lab det,quantile,0.1,5.1
2026-01-24,2026-01-31,1,bc,pct wk flu lab det,quantile,0.25,9.7
2026-01-24,2026-01-31,1,bc,pct wk flu lab det,quantile,0.5,14.4
2026-01-24,2026-01-31,1,bc,pct wk flu lab det,quantile,0.75,18.6
2026-01-24,2026-01-31,1,bc,pct wk flu lab det,quantile,0.9,22
2026-01-24,2026-01-31,1,bc,pct wk flu lab det,quantile,0.975,25.8
2026-01-24,2026-02-07,2,bc,pct wk flu lab det,quantile,0.025,0
2026-01-24,2026-02-07,2,bc,pct wk flu lab det,quantile,0.1,0
2026-01-24,2026-02-07,2,bc,pct wk flu lab det,quantile,0.25,4.4
2026-01-24,2026-02-07,2,bc,pct wk flu lab det,quantile,0.5,13
2026-01-24,2026-02-07,2,bc,pct wk flu lab det,quantile,0.75,19.6
2026-01-24,2026-02-07,2,bc,pct wk flu lab det,quantile,0.9,25
2026-01-24,2026-02-07,2,bc,pct wk flu lab det,quantile,0.975,30.7
2026-01-24,2026-02-14,3,bc,pct wk flu lab det,quantile,0.025,0
2026-01-24,2026-02-14,3,bc,pct wk flu lab det,quantile,0.1,0
2026-01-24,2026-02-14,3,bc,pct wk flu lab det,quantile,0.25,0
2026-01-24,2026-02-14,3,bc,pct wk flu lab det,quantile,0.5,11.5
2026-01-24,2026-02-14,3,bc,pct wk flu lab det,quantile,0.75,22.9
2026-01-24,2026-02-14,3,bc,pct wk flu lab det,quantile,0.9,33.3
2026-01-24,2026-02-14,3,bc,pct wk flu lab det,quantile,0.975,44.2
2026-01-24,2026-01-17,-1,ca,pct wk flu lab det,quantile,0.025,1.1
2026-01-24,2026-01-17,-1,ca,pct wk flu lab det,quantile,0.1,5.2
2026-01-24,2026-01-17,-1,ca,pct wk flu lab det,quantile,0.25,8.5
2026-01-24,2026-01-17,-1,ca,pct wk flu lab det,quantile,0.5,12
2026-01-24,2026-01-17,-1,ca,pct wk flu lab det,quantile,0.75,15
2026-01-24,2026-01-17,-1,ca,pct wk flu lab det,quantile,0.9,18
2026-01-24,2026-01-17,-1,ca,pct wk flu lab det,quantile,0.975,22.8
2026-01-24,2026-01-24,0,ca,pct wk flu lab det,quantile,0.025,0
2026-01-24,2026-01-24,0,ca,pct wk flu lab det,quantile,0.1,2.9
2026-01-24,2026-01-24,0,ca,pct wk flu lab det,quantile,0.25,7.6
2026-01-24,2026-01-24,0,ca,pct wk flu lab det,quantile,0.5,12.4
2026-01-24,2026-01-24,0,ca,pct wk flu lab det,quantile,0.75,17
2026-01-24,2026-01-24,0,ca,pct wk flu lab det,quantile,0.9,21.5
2026-01-24,2026-01-24,0,ca,pct wk flu lab det,quantile,0.975,26.7
2026-01-24,2026-01-31,1,ca,pct wk flu lab det,quantile,0.025,0
2026-01-24,2026-01-31,1,ca,pct wk flu lab det,quantile,0.1,0
2026-01-24,2026-01-31,1,ca,pct wk flu lab det,quantile,0.25,0.8
2026-01-24,2026-01-31,1,ca,pct wk flu lab det,quantile,0.5,6.9
2026-01-24,2026-01-31,1,ca,pct wk flu lab det,quantile,0.75,11.9
2026-01-24,2026-01-31,1,ca,pct wk flu lab det,quantile,0.9,16.3
2026-01-24,2026-01-31,1,ca,pct wk flu lab det,quantile,0.975,21.6
2026-01-24,2026-02-07,2,ca,pct wk flu lab det,quantile,0.025,0
2026-01-24,2026-02-07,2,ca,pct wk flu lab det,quantile,0.1,0
2026-01-24,2026-02-07,2,ca,pct wk flu lab det,quantile,0.25,0
2026-01-24,2026-02-07,2,ca,pct wk flu lab det,quantile,0.5,36
2026-01-24,2026-02-07,2,ca,pct wk flu lab det,quantile,0.75,85.7
2026-01-24,2026-02-07,2,ca,pct wk flu lab det,quantile,0.9,130.2
2026-01-24,2026-02-07,2,ca,pct wk flu lab det,quantile,0.975,178.2
2026-01-24,2026-02-14,3,ca,pct wk flu lab det,quantile,0.025,36
2026-01-24,2026-02-14,3,ca,pct wk flu lab det,quantile,0.1,36
2026-01-24,2026-02-14,3,ca,pct wk flu lab det,quantile,0.25,36
2026-01-24,2026-02-14,3,ca,pct wk flu lab det,quantile,0.5,36.7
2026-01-24,2026-02-14,3,ca,pct wk flu lab det,quantile,0.75,39.4
2026-01-24,2026-02-14,3,ca,pct wk flu lab det,quantile,0.9,41.9
2026-01-24,2026-02-14,3,ca,pct wk flu lab det,quantile,0.975,44.2
2026-01-24,2026-01-17,-1,mb,pct wk flu lab det,quantile,0.025,0
2026-01-24,2026-01-17,-1,mb,pct wk flu lab det,quantile,0.1,0.7
2026-01-24,2026-01-17,-1,mb,pct wk flu lab det,quantile,0.25,2.8
2026-01-24,2026-01-17,-1,mb,pct wk flu lab det,quantile,0.5,5.3
2026-01-24,2026-01-17,-1,mb,pct wk flu lab det,quantile,0.75,7.9
2026-01-24,2026-01-17,-1,mb,pct wk flu lab det,quantile,0.9,10.1
2026-01-24,2026-01-17,-1,mb,pct wk flu lab det,quantile,0.975,12
2026-01-24,2026-01-24,0,mb,pct wk flu lab det,quantile,0.025,0
2026-01-24,2026-01-24,0,mb,pct wk flu lab det,quantile,0.1,0
2026-01-24,2026-01-24,0,mb,pct wk flu lab det,quantile,0.25,1.7
2026-01-24,2026-01-24,0,mb,pct wk flu lab det,quantile,0.5,5.4
2026-01-24,2026-01-24,0,mb,pct wk flu lab det,quantile,0.75,9.6
2026-01-24,2026-01-24,0,mb,pct wk flu lab det,quantile,0.9,12.7
2026-01-24,2026-01-24,0,mb,pct wk flu lab det,quantile,0.975,16.9
2026-01-24,2026-01-31,1,mb,pct wk flu lab det,quantile,0.025,0
2026-01-24,2026-01-31,1,mb,pct wk flu lab det,quantile,0.1,0
2026-01-24,2026-01-31,1,mb,pct wk flu lab det,quantile,0.25,0
2026-01-24,2026-01-31,1,mb,pct wk flu lab det,quantile,0.5,3
2026-01-24,2026-01-31,1,mb,pct wk flu lab det,quantile,0.75,7.7
2026-01-24,2026-01-31,1,mb,pct wk flu lab det,quantile,0.9,11.2
2026-01-24,2026-01-31,1,mb,pct wk flu lab det,quantile,0.975,15.6
2026-01-24,2026-02-07,2,mb,pct wk flu lab det,quantile,0.025,2.2
2026-01-24,2026-02-07,2,mb,pct wk flu lab det,quantile,0.1,2.2
2026-01-24,2026-02-07,2,mb,pct wk flu lab det,quantile,0.25,2.2
2026-01-24,2026-02-07,2,mb,pct wk flu lab det,quantile,0.5,2.9
2026-01-24,2026-02-07,2,mb,pct wk flu lab det,quantile,0.75,4.4
2026-01-24,2026-02-07,2,mb,pct wk flu lab det,quantile,0.9,5.8
2026-01-24,2026-02-07,2,mb,pct wk flu lab det,quantile,0.975,7.3
2026-01-24,2026-02-14,3,mb,pct wk flu lab det,quantile,0.025,1.5
2026-01-24,2026-02-14,3,mb,pct wk flu lab det,quantile,0.1,1.5
2026-01-24,2026-02-14,3,mb,pct wk flu lab det,quantile,0.25,1.5
2026-01-24,2026-02-14,3,mb,pct wk flu lab det,quantile,0.5,1.5
2026-01-24,2026-02-14,3,mb,pct wk flu lab det,quantile,0.75,3
2026-01-24,2026-02-14,3,mb,pct wk flu lab det,quantile,0.9,4.2
2026-01-24,2026-02-14,3,mb,pct wk flu lab det,quantile,0.975,5.5
2026-01-24,2026-01-17,-1,nb,pct wk flu lab det,quantile,0.025,0
2026-01-24,2026-01-17,-1,nb,pct wk flu lab det,quantile,0.1,3.1
2026-01-24,2026-01-17,-1,nb,pct wk flu lab det,quantile,0.25,6.1
2026-01-24,2026-01-17,-1,nb,pct wk flu lab det,quantile,0.5,9.8
2026-01-24,2026-01-17,-1,nb,pct wk flu lab det,quantile,0.75,13.9
2026-01-24,2026-01-17,-1,nb,pct wk flu lab det,quantile,0.9,17.6
2026-01-24,2026-01-17,-1,nb,pct wk flu lab det,quantile,0.975,22
2026-01-24,2026-01-24,0,nb,pct wk flu lab det,quantile,0.025,0
2026-01-24,2026-01-24,0,nb,pct wk flu lab det,quantile,0.1,0
2026-01-24,2026-01-24,0,nb,pct wk flu lab det,quantile,0.25,3.8
2026-01-24,2026-01-24,0,nb,pct wk flu lab det,quantile,0.5,10.5
2026-01-24,2026-01-24,0,nb,pct wk flu lab det,quantile,0.75,16.6
2026-01-24,2026-01-24,0,nb,pct wk flu lab det,quantile,0.9,22.4
2026-01-24,2026-01-24,0,nb,pct wk flu lab det,quantile,0.975,28.5
2026-01-24,2026-01-31,1,nb,pct wk flu lab det,quantile,0.025,0
2026-01-24,2026-01-31,1,nb,pct wk flu lab det,quantile,0.1,0
2026-01-24,2026-01-31,1,nb,pct wk flu lab det,quantile,0.25,0
2026-01-24,2026-01-31,1,nb,pct wk flu lab det,quantile,0.5,7.9
2026-01-24,2026-01-31,1,nb,pct wk flu lab det,quantile,0.75,18.2
2026-01-24,2026-01-31,1,nb,pct wk flu lab det,quantile,0.9,27.6
2026-01-24,2026-01-31,1,nb,pct wk flu lab det,quantile,0.975,37.6
2026-01-24,2026-02-07,2,nb,pct wk flu lab det,quantile,0.025,0
2026-01-24,2026-02-07,2,nb,pct wk flu lab det,quantile,0.1,0
2026-01-24,2026-02-07,2,nb,pct wk flu lab det,quantile,0.25,0
2026-01-24,2026-02-07,2,nb,pct wk flu lab det,quantile,0.5,8.1
2026-01-24,2026-02-07,2,nb,pct wk flu lab det,quantile,0.75,28.4
2026-01-24,2026-02-07,2,nb,pct wk flu lab det,quantile,0.9,46
2026-01-24,2026-02-07,2,nb,pct wk flu lab det,quantile,0.975,61.6
2026-01-24,2026-02-14,3,nb,pct wk flu lab det,quantile,0.025,8.2
2026-01-24,2026-02-14,3,nb,pct wk flu lab det,quantile,0.1,8.2
2026-01-24,2026-02-14,3,nb,pct wk flu lab det,quantile,0.25,8.2
2026-01-24,2026-02-14,3,nb,pct wk flu lab det,quantile,0.5,8.4
2026-01-24,2026-02-14,3,nb,pct wk flu lab det,quantile,0.75,11
2026-01-24,2026-02-14,3,nb,pct wk flu lab det,quantile,0.9,13.3
2026-01-24,2026-02-14,3,nb,pct wk flu lab det,quantile,0.975,15.6
2026-01-24,2026-01-17,-1,nl,pct wk flu lab det,quantile,0.025,4.3
2026-01-24,2026-01-17,-1,nl,pct wk flu lab det,quantile,0.1,8.4
2026-01-24,2026-01-17,-1,nl,pct wk flu lab det,quantile,0.25,11.2
2026-01-24,2026-01-17,-1,nl,pct wk flu lab det,quantile,0.5,14.8
2026-01-24,2026-01-17,-1,nl,pct wk flu lab det,quantile,0.75,18.7
2026-01-24,2026-01-17,-1,nl,pct wk flu lab det,quantile,0.9,21.9
2026-01-24,2026-01-17,-1,nl,pct wk flu lab det,quantile,0.975,25.6
2026-01-24,2026-01-24,0,nl,pct wk flu lab det,quantile,0.025,1.5
2026-01-24,2026-01-24,0,nl,pct wk flu lab det,quantile,0.1,6.6
2026-01-24,2026-01-24,0,nl,pct wk flu lab det,quantile,0.25,10.7
2026-01-24,2026-01-24,0,nl,pct wk flu lab det,quantile,0.5,15.3
2026-01-24,2026-01-24,0,nl,pct wk flu lab det,quantile,0.75,19.4
2026-01-24,2026-01-24,0,nl,pct wk flu lab det,quantile,0.9,22.9
2026-01-24,2026-01-24,0,nl,pct wk flu lab det,quantile,0.975,27.5
2026-01-24,2026-01-31,1,nl,pct wk flu lab det,quantile,0.025,0
2026-01-24,2026-01-31,1,nl,pct wk flu lab det,quantile,0.1,2.1
2026-01-24,2026-01-31,1,nl,pct wk flu lab det,quantile,0.25,10
2026-01-24,2026-01-31,1,nl,pct wk flu lab det,quantile,0.5,18.3
2026-01-24,2026-01-31,1,nl,pct wk flu lab det,quantile,0.75,26.3
2026-01-24,2026-01-31,1,nl,pct wk flu lab det,quantile,0.9,32.8
2026-01-24,2026-01-31,1,nl,pct wk flu lab det,quantile,0.975,40.8
2026-01-24,2026-02-07,2,nl,pct wk flu lab det,quantile,0.025,0
2026-01-24,2026-02-07,2,nl,pct wk flu lab det,quantile,0.1,0
2026-01-24,2026-02-07,2,nl,pct wk flu lab det,quantile,0.25,7.4
2026-01-24,2026-02-07,2,nl,pct wk flu lab det,quantile,0.5,24.7
2026-01-24,2026-02-07,2,nl,pct wk flu lab det,quantile,0.75,38.9
2026-01-24,2026-02-07,2,nl,pct wk flu lab det,quantile,0.9,50.6
2026-01-24,2026-02-07,2,nl,pct wk flu lab det,quantile,0.975,62.3
2026-01-24,2026-02-14,3,nl,pct wk flu lab det,quantile,0.025,0
2026-01-24,2026-02-14,3,nl,pct wk flu lab det,quantile,0.1,0
2026-01-24,2026-02-14,3,nl,pct wk flu lab det,quantile,0.25,0
2026-01-24,2026-02-14,3,nl,pct wk flu lab det,quantile,0.5,49.3
2026-01-24,2026-02-14,3,nl,pct wk flu lab det,quantile,0.75,114.9
2026-01-24,2026-02-14,3,nl,pct wk flu lab det,quantile,0.9,166.9
2026-01-24,2026-02-14,3,nl,pct wk flu lab det,quantile,0.975,218.9
2026-01-24,2026-01-17,-1,ns,pct wk flu lab det,quantile,0.025,7.5
2026-01-24,2026-01-17,-1,ns,pct wk flu lab det,quantile,0.1,10
2026-01-24,2026-01-17,-1,ns,pct wk flu lab det,quantile,0.25,12.7
2026-01-24,2026-01-17,-1,ns,pct wk flu lab det,quantile,0.5,15.5
2026-01-24,2026-01-17,-1,ns,pct wk flu lab det,quantile,0.75,18.2
2026-01-24,2026-01-17,-1,ns,pct wk flu lab det,quantile,0.9,20.3
2026-01-24,2026-01-17,-1,ns,pct wk flu lab det,quantile,0.975,22.8
2026-01-24,2026-01-24,0,ns,pct wk flu lab det,quantile,0.025,6
2026-01-24,2026-01-24,0,ns,pct wk flu lab det,quantile,0.1,9.7
2026-01-24,2026-01-24,0,ns,pct wk flu lab det,quantile,0.25,12.6
2026-01-24,2026-01-24,0,ns,pct wk flu lab det,quantile,0.5,16.3
2026-01-24,2026-01-24,0,ns,pct wk flu lab det,quantile,0.75,19.5
2026-01-24,2026-01-24,0,ns,pct wk flu lab det,quantile,0.9,22.2
2026-01-24,2026-01-24,0,ns,pct wk flu lab det,quantile,0.975,25.6
2026-01-24,2026-01-31,1,ns,pct wk flu lab det,quantile,0.025,0.2
2026-01-24,2026-01-31,1,ns,pct wk flu lab det,quantile,0.1,4.9
2026-01-24,2026-01-31,1,ns,pct wk flu lab det,quantile,0.25,8.4
2026-01-24,2026-01-31,1,ns,pct wk flu lab det,quantile,0.5,12.4
2026-01-24,2026-01-31,1,ns,pct wk flu lab det,quantile,0.75,15.7
2026-01-24,2026-01-31,1,ns,pct wk flu lab det,quantile,0.9,18.5
2026-01-24,2026-01-31,1,ns,pct wk flu lab det,quantile,0.975,22.1
2026-01-24,2026-02-07,2,ns,pct wk flu lab det,quantile,0.025,0
2026-01-24,2026-02-07,2,ns,pct wk flu lab det,quantile,0.1,0
2026-01-24,2026-02-07,2,ns,pct wk flu lab det,quantile,0.25,5.5
2026-01-24,2026-02-07,2,ns,pct wk flu lab det,quantile,0.5,11.8
2026-01-24,2026-02-07,2,ns,pct wk flu lab det,quantile,0.75,17.3
2026-01-24,2026-02-07,2,ns,pct wk flu lab det,quantile,0.9,21.7
2026-01-24,2026-02-07,2,ns,pct wk flu lab det,quantile,0.975,26.1
2026-01-24,2026-02-14,3,ns,pct wk flu lab det,quantile,0.025,0
2026-01-24,2026-02-14,3,ns,pct wk flu lab det,quantile,0.1,0
2026-01-24,2026-02-14,3,ns,pct wk flu lab det,quantile,0.25,0
2026-01-24,2026-02-14,3,ns,pct wk flu lab det,quantile,0.5,10.5
2026-01-24,2026-02-14,3,ns,pct wk flu lab det,quantile,0.75,20.9
2026-01-24,2026-02-14,3,ns,pct wk flu lab det,quantile,0.9,28.1
2026-01-24,2026-02-14,3,ns,pct wk flu lab det,quantile,0.975,37.1
2026-01-24,2026-01-17,-1,on,pct wk flu lab det,quantile,0.025,0
2026-01-24,2026-01-17,-1,on,pct wk flu lab det,quantile,0.1,0
2026-01-24,2026-01-17,-1,on,pct wk flu lab det,quantile,0.25,3
2026-01-24,2026-01-17,-1,on,pct wk flu lab det,quantile,0.5,7.5
2026-01-24,2026-01-17,-1,on,pct wk flu lab det,quantile,0.75,11.8
2026-01-24,2026-01-17,-1,on,pct wk flu lab det,quantile,0.9,15.4
2026-01-24,2026-01-17,-1,on,pct wk flu lab det,quantile,0.975,20.3
2026-01-24,2026-01-24,0,on,pct wk flu lab det,quantile,0.025,0
2026-01-24,2026-01-24,0,on,pct wk flu lab det,quantile,0.1,0
2026-01-24,2026-01-24,0,on,pct wk flu lab det,quantile,0.25,0.4
2026-01-24,2026-01-24,0,on,pct wk flu lab det,quantile,0.5,6.1
2026-01-24,2026-01-24,0,on,pct wk flu lab det,quantile,0.75,10.9
2026-01-24,2026-01-24,0,on,pct wk flu lab det,quantile,0.9,15.1
2026-01-24,2026-01-24,0,on,pct wk flu lab det,quantile,0.975,20.2
2026-01-24,2026-01-31,1,on,pct wk flu lab det,quantile,0.025,0
2026-01-24,2026-01-31,1,on,pct wk flu lab det,quantile,0.1,0
2026-01-24,2026-01-31,1,on,pct wk flu lab det,quantile,0.25,0
2026-01-24,2026-01-31,1,on,pct wk flu lab det,quantile,0.5,5.4
2026-01-24,2026-01-31,1,on,pct wk flu lab det,quantile,0.75,15.7
2026-01-24,2026-01-31,1,on,pct wk flu lab det,quantile,0.9,24.2
2026-01-24,2026-01-31,1,on,pct wk flu lab det,quantile,0.975,34.2
2026-01-24,2026-02-07,2,on,pct wk flu lab det,quantile,0.025,4.3
2026-01-24,2026-02-07,2,on,pct wk flu lab det,quantile,0.1,4.3
2026-01-24,2026-02-07,2,on,pct wk flu lab det,quantile,0.25,4.3
2026-01-24,2026-02-07,2,on,pct wk flu lab det,quantile,0.5,4.8
2026-01-24,2026-02-07,2,on,pct wk flu lab det,quantile,0.75,8.1
2026-01-24,2026-02-07,2,on,pct wk flu lab det,quantile,0.9,10.6
2026-01-24,2026-02-07,2,on,pct wk flu lab det,quantile,0.975,13.4
2026-01-24,2026-02-14,3,on,pct wk flu lab det,quantile,0.025,2.4
2026-01-24,2026-02-14,3,on,pct wk flu lab det,quantile,0.1,2.4
2026-01-24,2026-02-14,3,on,pct wk flu lab det,quantile,0.25,2.4
2026-01-24,2026-02-14,3,on,pct wk flu lab det,quantile,0.5,2.4
2026-01-24,2026-02-14,3,on,pct wk flu lab det,quantile,0.75,5
2026-01-24,2026-02-14,3,on,pct wk flu lab det,quantile,0.9,6.9
2026-01-24,2026-02-14,3,on,pct wk flu lab det,quantile,0.975,9.1
2026-01-24,2026-01-17,-1,pe,pct wk flu lab det,quantile,0.025,9.3
2026-01-24,2026-01-17,-1,pe,pct wk flu lab det,quantile,0.1,13.4
2026-01-24,2026-01-17,-1,pe,pct wk flu lab det,quantile,0.25,16.7
2026-01-24,2026-01-17,-1,pe,pct wk flu lab det,quantile,0.5,20.6
2026-01-24,2026-01-17,-1,pe,pct wk flu lab det,quantile,0.75,24.4
2026-01-24,2026-01-17,-1,pe,pct wk flu lab det,quantile,0.9,27.6
2026-01-24,2026-01-17,-1,pe,pct wk flu lab det,quantile,0.975,31.2
2026-01-24,2026-01-24,0,pe,pct wk flu lab det,quantile,0.025,3.9
2026-01-24,2026-01-24,0,pe,pct wk flu lab det,quantile,0.1,7
2026-01-24,2026-01-24,0,pe,pct wk flu lab det,quantile,0.25,10.1
2026-01-24,2026-01-24,0,pe,pct wk flu lab det,quantile,0.5,13
2026-01-24,2026-01-24,0,pe,pct wk flu lab det,quantile,0.75,15.7
2026-01-24,2026-01-24,0,pe,pct wk flu lab det,quantile,0.9,18.2
2026-01-24,2026-01-24,0,pe,pct wk flu lab det,quantile,0.975,21.1
2026-01-24,2026-01-31,1,pe,pct wk flu lab det,quantile,0.025,0
2026-01-24,2026-01-31,1,pe,pct wk flu lab det,quantile,0.1,1.7
2026-01-24,2026-01-31,1,pe,pct wk flu lab det,quantile,0.25,5.1
2026-01-24,2026-01-31,1,pe,pct wk flu lab det,quantile,0.5,8.6
2026-01-24,2026-01-31,1,pe,pct wk flu lab det,quantile,0.75,11.6
2026-01-24,2026-01-31,1,pe,pct wk flu lab det,quantile,0.9,14.2
2026-01-24,2026-01-31,1,pe,pct wk flu lab det,quantile,0.975,17.2
2026-01-24,2026-02-07,2,pe,pct wk flu lab det,quantile,0.025,0
2026-01-24,2026-02-07,2,pe,pct wk flu lab det,quantile,0.1,0
2026-01-24,2026-02-07,2,pe,pct wk flu lab det,quantile,0.25,2.2
2026-01-24,2026-02-07,2,pe,pct wk flu lab det,quantile,0.5,5.4
2026-01-24,2026-02-07,2,pe,pct wk flu lab det,quantile,0.75,8.1
2026-01-24,2026-02-07,2,pe,pct wk flu lab det,quantile,0.9,10.1
2026-01-24,2026-02-07,2,pe,pct wk flu lab det,quantile,0.975,12.4
2026-01-24,2026-02-14,3,pe,pct wk flu lab det,quantile,0.025,0
2026-01-24,2026-02-14,3,pe,pct wk flu lab det,quantile,0.1,0
2026-01-24,2026-02-14,3,pe,pct wk flu lab det,quantile,0.25,0
2026-01-24,2026-02-14,3,pe,pct wk flu lab det,quantile,0.5,2.7
2026-01-24,2026-02-14,3,pe,pct wk flu lab det,quantile,0.75,5.8
2026-01-24,2026-02-14,3,pe,pct wk flu lab det,quantile,0.9,8.2
2026-01-24,2026-02-14,3,pe,pct wk flu lab det,quantile,0.975,10.9
2026-01-24,2026-01-17,-1,prairies,pct wk flu lab det,quantile,0.025,0
2026-01-24,2026-01-17,-1,prairies,pct wk flu lab det,quantile,0.1,2.5
2026-01-24,2026-01-17,-1,prairies,pct wk flu lab det,quantile,0.25,5.6
2026-01-24,2026-01-17,-1,prairies,pct wk flu lab det,quantile,0.5,9.5
2026-01-24,2026-01-17,-1,prairies,pct wk flu lab det,quantile,0.75,13.3
2026-01-24,2026-01-17,-1,prairies,pct wk flu lab det,quantile,0.9,16.6
2026-01-24,2026-01-17,-1,prairies,pct wk flu lab det,quantile,0.975,20.3
2026-01-24,2026-01-24,0,prairies,pct wk flu lab det,quantile,0.025,0
2026-01-24,2026-01-24,0,prairies,pct wk flu lab det,quantile,0.1,0
2026-01-24,2026-01-24,0,prairies,pct wk flu lab det,quantile,0.25,2.2
2026-01-24,2026-01-24,0,prairies,pct wk flu lab det,quantile,0.5,6
2026-01-24,2026-01-24,0,prairies,pct wk flu lab det,quantile,0.75,9.8
2026-01-24,2026-01-24,0,prairies,pct wk flu lab det,quantile,0.9,13
2026-01-24,2026-01-24,0,prairies,pct wk flu lab det,quantile,0.975,16.4
2026-01-24,2026-01-31,1,prairies,pct wk flu lab det,quantile,0.025,0
2026-01-24,2026-01-31,1,prairies,pct wk flu lab det,quantile,0.1,0
2026-01-24,2026-01-31,1,prairies,pct wk flu lab det,quantile,0.25,0
2026-01-24,2026-01-31,1,prairies,pct wk flu lab det,quantile,0.5,4.6
2026-01-24,2026-01-31,1,prairies,pct wk flu lab det,quantile,0.75,10.6
2026-01-24,2026-01-31,1,prairies,pct wk flu lab det,quantile,0.9,15.7
2026-01-24,2026-01-31,1,prairies,pct wk flu lab det,quantile,0.975,22.5
2026-01-24,2026-02-07,2,prairies,pct wk flu lab det,quantile,0.025,0
2026-01-24,2026-02-07,2,prairies,pct wk flu lab det,quantile,0.1,0
2026-01-24,2026-02-07,2,prairies,pct wk flu lab det,quantile,0.25,0
2026-01-24,2026-02-07,2,prairies,pct wk flu lab det,quantile,0.5,3.4
2026-01-24,2026-02-07,2,prairies,pct wk flu lab det,quantile,0.75,12.1
2026-01-24,2026-02-07,2,prairies,pct wk flu lab det,quantile,0.9,18.3
2026-01-24,2026-02-07,2,prairies,pct wk flu lab det,quantile,0.975,24.8
2026-01-24,2026-02-14,3,prairies,pct wk flu lab det,quantile,0.025,1.8
2026-01-24,2026-02-14,3,prairies,pct wk flu lab det,quantile,0.1,1.8
2026-01-24,2026-02-14,3,prairies,pct wk flu lab det,quantile,0.25,1.8
2026-01-24,2026-02-14,3,prairies,pct wk flu lab det,quantile,0.5,1.8
2026-01-24,2026-02-14,3,prairies,pct wk flu lab det,quantile,0.75,4.7
2026-01-24,2026-02-14,3,prairies,pct wk flu lab det,quantile,0.9,6.7
2026-01-24,2026-02-14,3,prairies,pct wk flu lab det,quantile,0.975,8.9
2026-01-24,2026-01-17,-1,qc,pct wk flu lab det,quantile,0.025,3.7
2026-01-24,2026-01-17,-1,qc,pct wk flu lab det,quantile,0.1,7.4
2026-01-24,2026-01-17,-1,qc,pct wk flu lab det,quantile,0.25,11.2
2026-01-24,2026-01-17,-1,qc,pct wk flu lab det,quantile,0.5,15.1
2026-01-24,2026-01-17,-1,qc,pct wk flu lab det,quantile,0.75,18.9
2026-01-24,2026-01-17,-1,qc,pct wk flu lab det,quantile,0.9,22.7
2026-01-24,2026-01-17,-1,qc,pct wk flu lab det,quantile,0.975,26.9
2026-01-24,2026-01-24,0,qc,pct wk flu lab det,quantile,0.025,0
2026-01-24,2026-01-24,0,qc,pct wk flu lab det,quantile,0.1,3.2
2026-01-24,2026-01-24,0,qc,pct wk flu lab det,quantile,0.25,7.2
2026-01-24,2026-01-24,0,qc,pct wk flu lab det,quantile,0.5,11.4
2026-01-24,2026-01-24,0,qc,pct wk flu lab det,quantile,0.75,15.4
2026-01-24,2026-01-24,0,qc,pct wk flu lab det,quantile,0.9,18.8
2026-01-24,2026-01-24,0,qc,pct wk flu lab det,quantile,0.975,23.4
2026-01-24,2026-01-31,1,qc,pct wk flu lab det,quantile,0.025,0
2026-01-24,2026-01-31,1,qc,pct wk flu lab det,quantile,0.1,0
2026-01-24,2026-01-31,1,qc,pct wk flu lab det,quantile,0.25,1.8
2026-01-24,2026-01-31,1,qc,pct wk flu lab det,quantile,0.5,6.7
2026-01-24,2026-01-31,1,qc,pct wk flu lab det,quantile,0.75,11.2
2026-01-24,2026-01-31,1,qc,pct wk flu lab det,quantile,0.9,14.8
2026-01-24,2026-01-31,1,qc,pct wk flu lab det,quantile,0.975,19.2
2026-01-24,2026-02-07,2,qc,pct wk flu lab det,quantile,0.025,0
2026-01-24,2026-02-07,2,qc,pct wk flu lab det,quantile,0.1,0
2026-01-24,2026-02-07,2,qc,pct wk flu lab det,quantile,0.25,0
2026-01-24,2026-02-07,2,qc,pct wk flu lab det,quantile,0.5,4.3
2026-01-24,2026-02-07,2,qc,pct wk flu lab det,quantile,0.75,9.3
2026-01-24,2026-02-07,2,qc,pct wk flu lab det,quantile,0.9,13.1
2026-01-24,2026-02-07,2,qc,pct wk flu lab det,quantile,0.975,17.9
2026-01-24,2026-02-14,3,qc,pct wk flu lab det,quantile,0.025,2
2026-01-24,2026-02-14,3,qc,pct wk flu lab det,quantile,0.1,2
2026-01-24,2026-02-14,3,qc,pct wk flu lab det,quantile,0.25,2
2026-01-24,2026-02-14,3,qc,pct wk flu lab det,quantile,0.5,2.9
2026-01-24,2026-02-14,3,qc,pct wk flu lab det,quantile,0.75,6.1
2026-01-24,2026-02-14,3,qc,pct wk flu lab det,quantile,0.9,8.7
2026-01-24,2026-02-14,3,qc,pct wk flu lab det,quantile,0.975,11.3
2026-01-24,2026-01-17,-1,sk,pct wk flu lab det,quantile,0.025,0
2026-01-24,2026-01-17,-1,sk,pct wk flu lab det,quantile,0.1,3
2026-01-24,2026-01-17,-1,sk,pct wk flu lab det,quantile,0.25,7.2
2026-01-24,2026-01-17,-1,sk,pct wk flu lab det,quantile,0.5,11.8
2026-01-24,2026-01-17,-1,sk,pct wk flu lab det,quantile,0.75,15.8
2026-01-24,2026-01-17,-1,sk,pct wk flu lab det,quantile,0.9,19.9
2026-01-24,2026-01-17,-1,sk,pct wk flu lab det,quantile,0.975,23.5
2026-01-24,2026-01-24,0,sk,pct wk flu lab det,quantile,0.025,0
2026-01-24,2026-01-24,0,sk,pct wk flu lab det,quantile,0.1,0
2026-01-24,2026-01-24,0,sk,pct wk flu lab det,quantile,0.25,3.9
2026-01-24,2026-01-24,0,sk,pct wk flu lab det,quantile,0.5,9.9
2026-01-24,2026-01-24,0,sk,pct wk flu lab det,quantile,0.75,16.2
2026-01-24,2026-01-24,0,sk,pct wk flu lab det,quantile,0.9,22
2026-01-24,2026-01-24,0,sk,pct wk flu lab det,quantile,0.975,27
2026-01-24,2026-01-31,1,sk,pct wk flu lab det,quantile,0.025,0
2026-01-24,2026-01-31,1,sk,pct wk flu lab det,quantile,0.1,0
2026-01-24,2026-01-31,1,sk,pct wk flu lab det,quantile,0.25,0
2026-01-24,2026-01-31,1,sk,pct wk flu lab det,quantile,0.5,10.4
2026-01-24,2026-01-31,1,sk,pct wk flu lab det,quantile,0.75,24.2
2026-01-24,2026-01-31,1,sk,pct wk flu lab det,quantile,0.9,36.6
2026-01-24,2026-01-31,1,sk,pct wk flu lab det,quantile,0.975,50.1
2026-01-24,2026-02-07,2,sk,pct wk flu lab det,quantile,0.025,0
2026-01-24,2026-02-07,2,sk,pct wk flu lab det,quantile,0.1,0
2026-01-24,2026-02-07,2,sk,pct wk flu lab det,quantile,0.25,0
2026-01-24,2026-02-07,2,sk,pct wk flu lab det,quantile,0.5,7.2
2026-01-24,2026-02-07,2,sk,pct wk flu lab det,quantile,0.75,26.3
2026-01-24,2026-02-07,2,sk,pct wk flu lab det,quantile,0.9,42.2
2026-01-24,2026-02-07,2,sk,pct wk flu lab det,quantile,0.975,58.2
2026-01-24,2026-02-14,3,sk,pct wk flu lab det,quantile,0.025,6.9
2026-01-24,2026-02-14,3,sk,pct wk flu lab det,quantile,0.1,6.9
2026-01-24,2026-02-14,3,sk,pct wk flu lab det,quantile,0.25,6.9
2026-01-24,2026-02-14,3,sk,pct wk flu lab det,quantile,0.5,7
2026-01-24,2026-02-14,3,sk,pct wk flu lab det,quantile,0.75,10.3
2026-01-24,2026-02-14,3,sk,pct wk flu lab det,quantile,0.9,13.2
2026-01-24,2026-02-14,3,sk,pct wk flu lab det,quantile,0.975,15.9
2026-01-24,2026-01-17,-1,territories,pct wk flu lab det,quantile,0.025,0
2026-01-24,2026-01-17,-1,territories,pct wk flu lab det,quantile,0.1,0
2026-01-24,2026-01-17,-1,territories,pct wk flu lab det,quantile,0.25,0
2026-01-24,2026-01-17,-1,territories,pct wk flu lab det,quantile,0.5,9.2
2026-01-24,2026-01-17,-1,territories,pct wk flu lab det,quantile,0.75,18.2
2026-01-24,2026-01-17,-1,territories,pct wk flu lab det,quantile,0.9,25.9
2026-01-24,2026-01-17,-1,territories,pct wk flu lab det,quantile,0.975,34.8
2026-01-24,2026-01-24,0,territories,pct wk flu lab det,quantile,0.025,0
2026-01-24,2026-01-24,0,territories,pct wk flu lab det,quantile,0.1,0
2026-01-24,2026-01-24,0,territories,pct wk flu lab det,quantile,0.25,1.6
2026-01-24,2026-01-24,0,territories,pct wk flu lab det,quantile,0.5,9
2026-01-24,2026-01-24,0,territories,pct wk flu lab det,quantile,0.75,15.5
2026-01-24,2026-01-24,0,territories,pct wk flu lab det,quantile,0.9,22
2026-01-24,2026-01-24,0,territories,pct wk flu lab det,quantile,0.975,30.3
2026-01-24,2026-01-31,1,territories,pct wk flu lab det,quantile,0.025,0
2026-01-24,2026-01-31,1,territories,pct wk flu lab det,quantile,0.1,0
2026-01-24,2026-01-31,1,territories,pct wk flu lab det,quantile,0.25,0
2026-01-24,2026-01-31,1,territories,pct wk flu lab det,quantile,0.5,9.2
2026-01-24,2026-01-31,1,territories,pct wk flu lab det,quantile,0.75,29.5
2026-01-24,2026-01-31,1,territories,pct wk flu lab det,quantile,0.9,45.7
2026-01-24,2026-01-31,1,territories,pct wk flu lab det,quantile,0.975,65.2
2026-01-24,2026-02-07,2,territories,pct wk flu lab det,quantile,0.025,0
2026-01-24,2026-02-07,2,territories,pct wk flu lab det,quantile,0.1,0
2026-01-24,2026-02-07,2,territories,pct wk flu lab det,quantile,0.25,0
2026-01-24,2026-02-07,2,territories,pct wk flu lab det,quantile,0.5,7.4
2026-01-24,2026-02-07,2,territories,pct wk flu lab det,quantile,0.75,42.3
2026-01-24,2026-02-07,2,territories,pct wk flu lab det,quantile,0.9,72.4
2026-01-24,2026-02-07,2,territories,pct wk flu lab det,quantile,0.975,113.4
2026-01-24,2026-02-14,3,territories,pct wk flu lab det,quantile,0.025,10.6
2026-01-24,2026-02-14,3,territories,pct wk flu lab det,quantile,0.1,10.6
2026-01-24,2026-02-14,3,territories,pct wk flu lab det,quantile,0.25,10.6
2026-01-24,2026-02-14,3,territories,pct wk flu lab det,quantile,0.5,10.6
2026-01-24,2026-02-14,3,territories,pct wk flu lab det,quantile,0.75,13.4
2026-01-24,2026-02-14,3,territories,pct wk flu lab det,quantile,0.9,16.7
2026-01-24,2026-02-14,3,territories,pct wk flu lab det,quantile,0.975,20.8
2026-01-24,2026-01-17,-1,yt,pct wk flu lab det,quantile,0.025,2.3
2026-01-24,2026-01-17,-1,yt,pct wk flu lab det,quantile,0.1,7.6
2026-01-24,2026-01-17,-1,yt,pct wk flu lab det,quantile,0.25,13.6
2026-01-24,2026-01-17,-1,yt,pct wk flu lab det,quantile,0.5,20
2026-01-24,2026-01-17,-1,yt,pct wk flu lab det,quantile,0.75,26.2
2026-01-24,2026-01-17,-1,yt,pct wk flu lab det,quantile,0.9,31.7
2026-01-24,2026-01-17,-1,yt,pct wk flu lab det,quantile,0.975,37.6
2026-01-24,2026-01-24,0,yt,pct wk flu lab det,quantile,0.025,0
2026-01-24,2026-01-24,0,yt,pct wk flu lab det,quantile,0.1,1.8
2026-01-24,2026-01-24,0,yt,pct wk flu lab det,quantile,0.25,10.8
2026-01-24,2026-01-24,0,yt,pct wk flu lab det,quantile,0.5,20.6
2026-01-24,2026-01-24,0,yt,pct wk flu lab det,quantile,0.75,30.1
2026-01-24,2026-01-24,0,yt,pct wk flu lab det,quantile,0.9,38.7
2026-01-24,2026-01-24,0,yt,pct wk flu lab det,quantile,0.975,48.1
2026-01-24,2026-01-31,1,yt,pct wk flu lab det,quantile,0.025,0
2026-01-24,2026-01-31,1,yt,pct wk flu lab det,quantile,0.1,3.7
2026-01-24,2026-01-31,1,yt,pct wk flu lab det,quantile,0.25,9.5
2026-01-24,2026-01-31,1,yt,pct wk flu lab det,quantile,0.5,15.8
2026-01-24,2026-01-31,1,yt,pct wk flu lab det,quantile,0.75,23.1
2026-01-24,2026-01-31,1,yt,pct wk flu lab det,quantile,0.9,29.4
2026-01-24,2026-01-31,1,yt,pct wk flu lab det,quantile,0.975,36.9
2026-01-24,2026-02-07,2,yt,pct wk flu lab det,quantile,0.025,0
2026-01-24,2026-02-07,2,yt,pct wk flu lab det,quantile,0.1,1.7
2026-01-24,2026-02-07,2,yt,pct wk flu lab det,quantile,0.25,10.2
2026-01-24,2026-02-07,2,yt,pct wk flu lab det,quantile,0.5,18.4
2026-01-24,2026-02-07,2,yt,pct wk flu lab det,quantile,0.75,26.6
2026-01-24,2026-02-07,2,yt,pct wk flu lab det,quantile,0.9,35.3
2026-01-24,2026-02-07,2,yt,pct wk flu lab det,quantile,0.975,46.6
2026-01-24,2026-02-14,3,yt,pct wk flu lab det,quantile,0.025,0
2026-01-24,2026-02-14,3,yt,pct wk flu lab det,quantile,0.1,0
2026-01-24,2026-02-14,3,yt,pct wk flu lab det,quantile,0.25,2.7
2026-01-24,2026-02-14,3,yt,pct wk flu lab det,quantile,0.5,13.8
2026-01-24,2026-02-14,3,yt,pct wk flu lab det,quantile,0.75,22.7
2026-01-24,2026-02-14,3,yt,pct wk flu lab det,quantile,0.9,31.9
2026-01-24,2026-02-14,3,yt,pct wk flu lab det,quantile,0.975,42.7
